GR;nr_modello;nome_modello;conc.;collezione;specifica;nome_modello.1;colore;ordinamento;ID Joor;Foto;fotolook;Concatena;;;;
15;148;VERY;148VERY;271;Giacca;VERY;2230;1;544432||223000000000;https://cdn.jooraccess.com/img/uploads/accounts/598756/images/z25MuKrwSqGZe_LaujbiBQ_11332281106a1451b1aea0d8_16641302_02950260XX1.jpg;https://127-foto.netlify.app/157.jpg;VERY 2230(148);;;;
15;148;BALMA;148BALMA;271;Camicia;BALMA;1123;2;544531||112300000000;https://cdn.jooraccess.com/img/uploads/accounts/598756/images/AKIqdOpDTWm_jbB8MTBNjQ_16609803916a5634db14d998_96942901_03000090XX1.jpg;https://127-foto.netlify.app/157.jpg;BALMA 1123(148);;;;
15;148;TALESE;148TALESE;271;Gonna;TALESE;1123;6;544529||112300000000;https://cdn.jooraccess.com/img/uploads/accounts/598756/images/aPCn-P7dQb-25kHfw6DHtQ_12640348676a5635146196c6_94993554_03020030XX1.jpg;https://127-foto.netlify.app/157.jpg;TALESE 1123(148);;;;
15;148;IAPIGE;148IAPIGE;271;Borsa;IAPIGE;2339 0002;99;544272||233900020000;https://cdn.jooraccess.com/img/uploads/accounts/598756/images/cvf7J-0iQ4ecP4xpRAXFnA_4276540736a1453282dde79_10220699_02970160XX1.jpg;https://127-foto.netlify.app/157.jpg;IAPIGE 2339 0002(148);;;;
15;148;NIOLO;148NIOLO;271;Orecchino;NIOLO;0906 0002;99;544359||90600020000;https://cdn.jooraccess.com/img/uploads/accounts/598756/images/1-xs-rz7TtebHsiXxYKdJQ_2417545486a14533026e528_13948233_02970720XX1.jpg;https://127-foto.netlify.app/157.jpg;NIOLO 0906 0002(148);;;;
15;148;ULLANO        B;148ULLANO        B;271;Calzature;ULLANO        B;2;99;544483||200000000;#N/D;https://127-foto.netlify.app/157.jpg;ULLANO        B 2(148);;;;
15;148;DIADELFO;148DIADELFO;271;Cintura;DIADELFO;1566 0953 0002;99;544564||156609530002;https://cdn.jooraccess.com/img/uploads/accounts/598756/images/WhatsApp Image 2026-07-15 at 10.03.35 (3).jpeg;https://127-foto.netlify.app/157.jpg;DIADELFO 1566 0953 0002(148);;;;
15;149;VERY;149VERY;271;Giacca;VERY;2230;1;544432||223000000000;https://cdn.jooraccess.com/img/uploads/accounts/598756/images/z25MuKrwSqGZe_LaujbiBQ_11332281106a1451b1aea0d8_16641302_02950260XX1.jpg;https://127-foto.netlify.app/156.jpg;VERY 2230(149);;;;
15;149;BALMA;149BALMA;271;Camicia;BALMA;1123;2;544531||112300000000;https://cdn.jooraccess.com/img/uploads/accounts/598756/images/AKIqdOpDTWm_jbB8MTBNjQ_16609803916a5634db14d998_96942901_03000090XX1.jpg;https://127-foto.netlify.app/156.jpg;BALMA 1123(149);;;;
15;149;AZZORRE;149AZZORRE;271;Pantalone;AZZORRE;2230;5;544441||223000000000;https://cdn.jooraccess.com/img/uploads/accounts/598756/images/ZgBT5m73QPW7gATccGas3g_21284596846a1452407e51c3_73631924_02900680XX1.jpg;https://127-foto.netlify.app/156.jpg;AZZORRE 2230(149);;;;
15;149;NOMAGLIO      C;149NOMAGLIO      C;271;Bracciale;NOMAGLIO      C;0987 0212 0002;99;544242||98702120002;https://cdn.jooraccess.com/img/uploads/accounts/598756/images/o4el4WDST_GAnO-UD8TmTw_4020636746a145338e3be47_39681256_02971340XX1.jpg;https://127-foto.netlify.app/156.jpg;NOMAGLIO      C 0987 0212 0002(149);;;;
15;149;IAPIGE;149IAPIGE;271;Borsa;IAPIGE;2264 0002;99;544272||226400020000;https://cdn.jooraccess.com/img/uploads/accounts/598756/images/zJZAly2zQS-u2eAs4ykTOg_16970615336a145327b51567_35646153_02970150XX1.jpg;https://127-foto.netlify.app/156.jpg;IAPIGE 2264 0002(149);;;;
15;149;NEVIGLIE;149NEVIGLIE;271;Orecchino;NEVIGLIE;0212 0987 0002;99;544457||21209870002;https://cdn.jooraccess.com/img/uploads/accounts/598756/images/pBWomEtORpmttUyUZ8p8EQ_3710773156a1453417183e8_17218047_02971620XX1.jpg;https://127-foto.netlify.app/156.jpg;NEVIGLIE 0212 0987 0002(149);;;;
15;149;ULLANO        B;149ULLANO        B;271;Calzature;ULLANO        B;49;99;544483||4900000000;https://cdn.jooraccess.com/img/uploads/accounts/598756/images/LFbr3MrZRrm_GbSwCPZkhA_20851971266a564345dfd0b4_67912225_03050770XX1.jpg;https://127-foto.netlify.app/156.jpg;ULLANO        B 49(149);;;;
15;150;ZIPOLO;150ZIPOLO;271;Giacca;ZIPOLO;3434;1;100838||343400000000;https://cdn.jooraccess.com/img/uploads/accounts/598756/images/Ls7H_FOIQSu2lzSO-aXA_A_4394699416a563542e3c430_84941852_03040680XX1.jpg;https://127-foto.netlify.app/158.jpg;ZIPOLO 3434(150);;;;
15;150;BORD;150BORD;271;Top;BORD;201;3;544631||20100000000;https://cdn.jooraccess.com/img/uploads/accounts/598756/images/DByTihoLSjqdMiZWzqDRBg_385723876a5634e3e56b48_55148367_03000330XX1.jpg;https://127-foto.netlify.app/158.jpg;BORD 201(150);;;;
15;150;ASSE;150ASSE;271;Pantalone;ASSE;1125;5;544438||112500000000;https://cdn.jooraccess.com/img/uploads/accounts/598756/images/cZi2wFhmTz27d65PrXdssQ_13221273376a5634d15b1f14_76596401_02990200XX1.jpg;https://127-foto.netlify.app/158.jpg;ASSE 1125(150);;;;
15;150;NEMBO;150NEMBO;271;Bracciale;NEMBO;2;99;544362||200000000;https://cdn.jooraccess.com/img/uploads/accounts/598756/images/xLITR-bmTpifPcpfySI7HA_11425679496a14532a752617_68673182_02970400XX1.jpg;https://127-foto.netlify.app/158.jpg;NEMBO 2(150);;;;
15;150;ULLANO        B;150ULLANO        B;271;Calzature;ULLANO        B;49;99;544483||4900000000;https://cdn.jooraccess.com/img/uploads/accounts/598756/images/LFbr3MrZRrm_GbSwCPZkhA_20851971266a564345dfd0b4_67912225_03050770XX1.jpg;https://127-foto.netlify.app/158.jpg;ULLANO        B 49(150);;;;
15;150;DAMIETTA;150DAMIETTA;271;Cintura;DAMIETTA;2;99;544486||200000000;https://cdn.jooraccess.com/img/uploads/accounts/598756/images/klaNMdKISpOxnwF12n9kWg_12483183316a145343c682c9_65526302_02971730XX1.jpg;https://127-foto.netlify.app/158.jpg;DAMIETTA 2(150);;;;
15;151;ZARINA;151ZARINA;271;Pullover;ZARINA;3434;4;100837||343400000000;https://cdn.jooraccess.com/img/uploads/accounts/598756/images/BcqUwc8WR-qvgDeM4HQH1Q_15974694006a563541f04452_07055448_03040660XX1.jpg;https://127-foto.netlify.app/161.jpg;ZARINA 3434(151);;;;
15;151;AZZORRE;151AZZORRE;271;Pantalone;AZZORRE;2230;5;544441||223000000000;https://cdn.jooraccess.com/img/uploads/accounts/598756/images/ZgBT5m73QPW7gATccGas3g_21284596846a1452407e51c3_73631924_02900680XX1.jpg;https://127-foto.netlify.app/161.jpg;AZZORRE 2230(151);;;;
15;151;IAPIGE;151IAPIGE;271;Borsa;IAPIGE;2339 0002;99;544272||233900020000;https://cdn.jooraccess.com/img/uploads/accounts/598756/images/cvf7J-0iQ4ecP4xpRAXFnA_4276540736a1453282dde79_10220699_02970160XX1.jpg;https://127-foto.netlify.app/161.jpg;IAPIGE 2339 0002(151);;;;
15;151;NONA;151NONA;271;Bracciale;NONA;2;99;544361||200000000;https://cdn.jooraccess.com/img/uploads/accounts/598756/images/NCVbcOEzTZ-NyeviAg7xyQ_15946604066a14533a4d6852_60896697_02971370XX4.jpg;https://127-foto.netlify.app/161.jpg;NONA 2(151);;;;
15;151;DUCHESSE;151DUCHESSE;271;Cintura;DUCHESSE;2;99;544367||200000000;https://cdn.jooraccess.com/img/uploads/accounts/598756/images/oL3TJCuxQ62m5IEWR6Accg_19533515566a1453254050b7_39777174_02970040XX1.jpg;https://127-foto.netlify.app/161.jpg;DUCHESSE 2(151);;;;
15;151;NEVISCHIO     A;151NEVISCHIO     A;271;Orecchino;NEVISCHIO     A;2;99;544429||200000000;https://cdn.jooraccess.com/img/uploads/accounts/598756/images/DQWAE_vBS7i1YR1OzJeDhw_21086673106a1453421044e4_96117532_02971630XX1.jpg;https://127-foto.netlify.app/161.jpg;NEVISCHIO     A 2(151);;;;
15;151;ULLANO        B;151ULLANO        B;271;Calzature;ULLANO        B;49;99;544483||4900000000;https://cdn.jooraccess.com/img/uploads/accounts/598756/images/LFbr3MrZRrm_GbSwCPZkhA_20851971266a564345dfd0b4_67912225_03050770XX1.jpg;https://127-foto.netlify.app/161.jpg;ULLANO        B 49(151);;;;
3;152;CURIOSO;152CURIOSO;271;Pullover;CURIOSO;1135 1191;4;100792||113511910000;https://cdn.jooraccess.com/img/uploads/accounts/598756/images/DTkP9U-KRrmVyjQU4UUJ6w_13298993616a56354180e426_29827442_03040650XX1.jpg;https://127-foto.netlify.app/216.jpg;CURIOSO 1135 1191(152);;;;
3;152;ADELAIDA;152ADELAIDA;271;Pantalone;ADELAIDA;1191;5;544517||119100000000;https://cdn.jooraccess.com/img/uploads/accounts/598756/images/qE6gC0PEQzqy45UAZJMZFA_14663468586a5634ca438ff7_89455674_02990060XX1.jpg;https://127-foto.netlify.app/216.jpg;ADELAIDA 1191(152);;;;
3;152;NILVANGE;152NILVANGE;271;Collana;NILVANGE;1173 0002;99;544246||117300020000;https://cdn.jooraccess.com/img/uploads/accounts/598756/images/IgGdeeuzQOODJHbfAWqFkQ_20712449896a564338026a86_31246850_03050400XX1.jpg;https://127-foto.netlify.app/216.jpg;NILVANGE 1173 0002(152);;;;
3;152;IAPIGE;152IAPIGE;271;Borsa;IAPIGE;2339 0002;99;544272||233900020000;https://cdn.jooraccess.com/img/uploads/accounts/598756/images/cvf7J-0iQ4ecP4xpRAXFnA_4276540736a1453282dde79_10220699_02970160XX1.jpg;https://127-foto.netlify.app/216.jpg;IAPIGE 2339 0002(152);;;;
3;152;NONA;152NONA;271;Bracciale;NONA;2;99;544361||200000000;https://cdn.jooraccess.com/img/uploads/accounts/598756/images/NCVbcOEzTZ-NyeviAg7xyQ_15946604066a14533a4d6852_60896697_02971370XX4.jpg;https://127-foto.netlify.app/216.jpg;NONA 2(152);;;;
3;152;NEVIGLIE;152NEVIGLIE;271;Orecchino;NEVIGLIE;0212 0987 0002;99;544457||21209870002;https://cdn.jooraccess.com/img/uploads/accounts/598756/images/pBWomEtORpmttUyUZ8p8EQ_3710773156a1453417183e8_17218047_02971620XX1.jpg;https://127-foto.netlify.app/216.jpg;NEVIGLIE 0212 0987 0002(152);;;;
3;152;UMBERINO      A;152UMBERINO      A;271;Calzature;UMBERINO      A;2339;99;544464||233900000000;https://cdn.jooraccess.com/img/uploads/accounts/598756/images/BzP2Kd-kRe-WbaI2eUQcgQ_10356781886a145333bffbe9_96445397_02971220XX1.jpg;https://127-foto.netlify.app/216.jpg;UMBERINO      A 2339(152);;;;
3;153;VADIANA;153VADIANA;271;Giacca;VADIANA;1199;1;544195||119900000000;https://cdn.jooraccess.com/img/uploads/accounts/598756/images/00UtBJlAT-mt33hY5Yczkw_6300992686a56351849aa64_55018078_03030010XX1.jpg;https://127-foto.netlify.app/286.jpg;VADIANA 1199(153);;;;
3;153;ABANTE;153ABANTE;271;Pantalone;ABANTE;1199;5;544497||119900000000;https://cdn.jooraccess.com/img/uploads/accounts/598756/images/3g9Ada4yReqhQsIDYXSisA_8794742556a5634c8be9f43_55431340_02990030XX1.jpg;https://127-foto.netlify.app/286.jpg;ABANTE 1199(153);;;;
3;153;IAPIGE;153IAPIGE;271;Borsa;IAPIGE;2264 0002;99;544272||226400020000;https://cdn.jooraccess.com/img/uploads/accounts/598756/images/zJZAly2zQS-u2eAs4ykTOg_16970615336a145327b51567_35646153_02970150XX1.jpg;https://127-foto.netlify.app/286.jpg;IAPIGE 2264 0002(153);;;;
3;153;NEVISCHIO     A;153NEVISCHIO     A;271;Orecchino;NEVISCHIO     A;2;99;544429||200000000;https://cdn.jooraccess.com/img/uploads/accounts/598756/images/DQWAE_vBS7i1YR1OzJeDhw_21086673106a1453421044e4_96117532_02971630XX1.jpg;https://127-foto.netlify.app/286.jpg;NEVISCHIO     A 2(153);;;;
3;153;USCITA;153USCITA;271;Calzature;USCITA;2264 2264;99;544431||226422640000;#N/D;https://127-foto.netlify.app/286.jpg;USCITA 2264 2264(153);;;;
7;154;BRIOSITA;154BRIOSITA;271;Camicia;BRIOSITA;1191;2;544494||119100000000;https://cdn.jooraccess.com/img/uploads/accounts/598756/images/jpOl-V3HSqmGR-XcmmPsFw_1870136946a5634e6a569a8_27174120_03000390XX1.jpg;https://127-foto.netlify.app/215.jpg;BRIOSITA 1191(154);;;;
7;154;TAMARICE;154TAMARICE;271;Gonna;TAMARICE;1191;6;544628||119100000000;https://cdn.jooraccess.com/img/uploads/accounts/598756/images/1E8kryGBQeyq-yHvlB6Rpw_2925274146a563515b3bc07_24757980_03020060XX1.jpg;https://127-foto.netlify.app/215.jpg;TAMARICE 1191(154);;;;
7;154;DANIELINA     A;154DANIELINA     A;271;Cintura;DANIELINA     A;0995 0002;99;544213||99500020000;https://cdn.jooraccess.com/img/uploads/accounts/598756/images/UYF2VxPoQ860qvKKValDcQ_7478985136a1450c636a2f8_27352192_02970010XX1.jpg;https://127-foto.netlify.app/215.jpg;DANIELINA     A 0995 0002(154);;;;
7;154;NOMAGLIO      C;154NOMAGLIO      C;271;Bracciale;NOMAGLIO      C;0903 1507 0002;99;544242||90315070002;https://cdn.jooraccess.com/img/uploads/accounts/598756/images/1L6tlfjKQ7y08YEgiUwcYQ_16376100936a1453394e2a43_07744812_02971350XX1.jpg;https://127-foto.netlify.app/215.jpg;NOMAGLIO      C 0903 1507 0002(154);;;;
7;154;IAPIGE;154IAPIGE;271;Borsa;IAPIGE;2264 0002;99;544272||226400020000;https://cdn.jooraccess.com/img/uploads/accounts/598756/images/zJZAly2zQS-u2eAs4ykTOg_16970615336a145327b51567_35646153_02970150XX1.jpg;https://127-foto.netlify.app/215.jpg;IAPIGE 2264 0002(154);;;;
7;154;USCITA;154USCITA;271;Calzature;USCITA;2264 2264;99;544431||226422640000;#N/D;https://127-foto.netlify.app/215.jpg;USCITA 2264 2264(154);;;;
7;154;NEVIGLIE;154NEVIGLIE;271;Orecchino;NEVIGLIE;0574 0927 0002;99;544457||57409270002;https://cdn.jooraccess.com/img/uploads/accounts/598756/images/K3ZDNI-eRU-cv2BQEK5HtQ_19105815366a145340d5b679_49273593_02971610XX1.jpg;https://127-foto.netlify.app/215.jpg;NEVIGLIE 0574 0927 0002(154);;;;
7;155;VAILAN;155VAILAN;271;Giacca;VAILAN;1187;1;544050||118700000000;https://cdn.jooraccess.com/img/uploads/accounts/598756/images/5LC03SNKTjWrlGPgP1-E9A_14673133296a563519559312_92628706_03030030XX1.jpg;https://127-foto.netlify.app/160.jpg;VAILAN 1187(155);;;;
7;155;ASSE;155ASSE;271;Pantalone;ASSE;1125;5;544438||112500000000;https://cdn.jooraccess.com/img/uploads/accounts/598756/images/cZi2wFhmTz27d65PrXdssQ_13221273376a5634d15b1f14_76596401_02990200XX1.jpg;https://127-foto.netlify.app/160.jpg;ASSE 1125(155);;;;
7;155;IAPIGE;155IAPIGE;271;Borsa;IAPIGE;2339 0002;99;544272||233900020000;https://cdn.jooraccess.com/img/uploads/accounts/598756/images/cvf7J-0iQ4ecP4xpRAXFnA_4276540736a1453282dde79_10220699_02970160XX1.jpg;https://127-foto.netlify.app/160.jpg;IAPIGE 2339 0002(155);;;;
7;155;NONA;155NONA;271;Bracciale;NONA;2;99;544361||200000000;https://cdn.jooraccess.com/img/uploads/accounts/598756/images/NCVbcOEzTZ-NyeviAg7xyQ_15946604066a14533a4d6852_60896697_02971370XX4.jpg;https://127-foto.netlify.app/160.jpg;NONA 2(155);;;;
7;155;ULLANO        B;155ULLANO        B;271;Calzature;ULLANO        B;49;99;544483||4900000000;https://cdn.jooraccess.com/img/uploads/accounts/598756/images/LFbr3MrZRrm_GbSwCPZkhA_20851971266a564345dfd0b4_67912225_03050770XX1.jpg;https://127-foto.netlify.app/160.jpg;ULLANO        B 49(155);;;;
7;155;DAMIETTA;155DAMIETTA;271;Cintura;DAMIETTA;2;99;544486||200000000;https://cdn.jooraccess.com/img/uploads/accounts/598756/images/klaNMdKISpOxnwF12n9kWg_12483183316a145343c682c9_65526302_02971730XX1.jpg;https://127-foto.netlify.app/160.jpg;DAMIETTA 2(155);;;;
3;156;CASSIANO;156CASSIANO;271;Giacca;CASSIANO;1116;1;100816||111600000000;https://cdn.jooraccess.com/img/uploads/accounts/598756/images/oMvwZFnSSy6S7X9_x-fBFw_19618556636a5635295b68d9_13528539_03040160XX1.jpg;https://127-foto.netlify.app/217.jpg;CASSIANO 1116(156);;;;
3;156;CUNICOLO      E;156CUNICOLO      E;271;Top;CUNICOLO      E;1116;3;100673||111600000000;https://cdn.jooraccess.com/img/uploads/accounts/598756/images/lHdHIbHbSv-oaYHJ_qbTVQ_20733577346a56353f342678_11769132_03040600XX1.jpg;https://127-foto.netlify.app/217.jpg;CUNICOLO      E 1116(156);;;;
3;156;ADELAIDA;156ADELAIDA;271;Pantalone;ADELAIDA;1191;5;544517||119100000000;https://cdn.jooraccess.com/img/uploads/accounts/598756/images/qE6gC0PEQzqy45UAZJMZFA_14663468586a5634ca438ff7_89455674_02990060XX1.jpg;https://127-foto.netlify.app/217.jpg;ADELAIDA 1191(156);;;;
3;156;DEFALCO;156DEFALCO;271;Cintura;DEFALCO;0504 2253 0002;99;544220||50422530002;https://cdn.jooraccess.com/img/uploads/accounts/598756/images/image (1077).png;https://127-foto.netlify.app/217.jpg;DEFALCO 0504 2253 0002(156);;;;
3;156;NILVANGE;156NILVANGE;271;Collana;NILVANGE;2266 0002;99;544246||226600020000;https://cdn.jooraccess.com/img/uploads/accounts/598756/images/cziJ_NyoSJOQhmH2Vd2S9A_3224662416a56433906e843_46721338_03050420XX1.jpg;https://127-foto.netlify.app/217.jpg;NILVANGE 2266 0002(156);;;;
3;156;IAPIGE;156IAPIGE;271;Borsa;IAPIGE;2264 0002;99;544272||226400020000;https://cdn.jooraccess.com/img/uploads/accounts/598756/images/zJZAly2zQS-u2eAs4ykTOg_16970615336a145327b51567_35646153_02970150XX1.jpg;https://127-foto.netlify.app/217.jpg;IAPIGE 2264 0002(156);;;;
3;156;UMBERINO      A;156UMBERINO      A;271;Calzature;UMBERINO      A;2339;99;544464||233900000000;https://cdn.jooraccess.com/img/uploads/accounts/598756/images/BzP2Kd-kRe-WbaI2eUQcgQ_10356781886a145333bffbe9_96445397_02971220XX1.jpg;https://127-foto.netlify.app/217.jpg;UMBERINO      A 2339(156);;;;
3;157;PRATO;157PRATO;271;Abito;PRATO;1124;7;544061||112400000000;https://cdn.jooraccess.com/img/uploads/accounts/598756/images/ueYSeSDKRTK8Cs-CQdKL2Q_20407892516a5634f7994ad0_76032302_03010290XX1.jpg;https://127-foto.netlify.app/277.jpg;PRATO 1124(157);;;;
3;157;IAPIGE;157IAPIGE;271;Borsa;IAPIGE;2339 0002;99;544272||233900020000;https://cdn.jooraccess.com/img/uploads/accounts/598756/images/cvf7J-0iQ4ecP4xpRAXFnA_4276540736a1453282dde79_10220699_02970160XX1.jpg;https://127-foto.netlify.app/277.jpg;IAPIGE 2339 0002(157);;;;
3;157;XAURORA;157XAURORA;271;Occhiali Sole;XAURORA;0101 0002;99;544317||10100020000;https://cdn.jooraccess.com/img/uploads/accounts/598756/images/fnyk7LQdQ4qYb5fy9yk4Iw_6977136496a145336c0ca77_10334535_02971290XX1.jpg;https://127-foto.netlify.app/277.jpg;XAURORA 0101 0002(157);;;;
3;157;DANTESCO      B;157DANTESCO      B;271;Cintura;DANTESCO      B;1108 0002;99;544390||110800020000;https://cdn.jooraccess.com/img/uploads/accounts/598756/images/FqPj3qiCSwK295js2HqIDw_19742520456a14533d5596b8_48521006_02971460XX1.jpg;https://127-foto.netlify.app/277.jpg;DANTESCO      B 1108 0002(157);;;;
3;157;NEVISCHIO     A;157NEVISCHIO     A;271;Orecchino;NEVISCHIO     A;2;99;544429||200000000;https://cdn.jooraccess.com/img/uploads/accounts/598756/images/DQWAE_vBS7i1YR1OzJeDhw_21086673106a1453421044e4_96117532_02971630XX1.jpg;https://127-foto.netlify.app/277.jpg;NEVISCHIO     A 2(157);;;;
3;157;UMBERINO      A;157UMBERINO      A;271;Calzature;UMBERINO      A;2339;99;544464||233900000000;https://cdn.jooraccess.com/img/uploads/accounts/598756/images/BzP2Kd-kRe-WbaI2eUQcgQ_10356781886a145333bffbe9_96445397_02971220XX1.jpg;https://127-foto.netlify.app/277.jpg;UMBERINO      A 2339(157);;;;
9;158;VERMONT;158VERMONT;271;Giacca;VERMONT;1121;1;544048||112100000000;https://cdn.jooraccess.com/img/uploads/accounts/598756/images/Jlu_3rnLTyiVAC81GpzlRw_17494297066a56351ceae304_37735082_03030090XX1.jpg;https://127-foto.netlify.app/168.jpg;VERMONT 1121(158);;;;
9;158;ANNABELLA;158ANNABELLA;271;Pantalone;ANNABELLA;1121;5;544499||112100000000;https://cdn.jooraccess.com/img/uploads/accounts/598756/images/BZlRDlkHR_KSKzkErlyLNg_7911810726a5634ceea8a52_05095882_02990160XX1.jpg;https://127-foto.netlify.app/168.jpg;ANNABELLA 1121(158);;;;
9;158;NILVANGE;158NILVANGE;271;Collana;NILVANGE;2266 0002;99;544246||226600020000;https://cdn.jooraccess.com/img/uploads/accounts/598756/images/cziJ_NyoSJOQhmH2Vd2S9A_3224662416a56433906e843_46721338_03050420XX1.jpg;https://127-foto.netlify.app/168.jpg;NILVANGE 2266 0002(158);;;;
9;158;NEMBO;158NEMBO;271;Bracciale;NEMBO;2;99;544362||200000000;https://cdn.jooraccess.com/img/uploads/accounts/598756/images/xLITR-bmTpifPcpfySI7HA_11425679496a14532a752617_68673182_02970400XX1.jpg;https://127-foto.netlify.app/168.jpg;NEMBO 2(158);;;;
9;158;IMPERATA;158IMPERATA;271;Borsa;IMPERATA;0943 0945 0002;99;544433||94309450002;https://cdn.jooraccess.com/img/uploads/accounts/598756/images/qEyArXoZSH2DME5mP1vQtw_5092546386a564334a12169_96919034_03050320XX1.jpg;https://127-foto.netlify.app/168.jpg;IMPERATA 0943 0945 0002(158);;;;
9;158;NEVIGLIE;158NEVIGLIE;271;Orecchino;NEVIGLIE;0574 0927 0002;99;544457||57409270002;https://cdn.jooraccess.com/img/uploads/accounts/598756/images/K3ZDNI-eRU-cv2BQEK5HtQ_19105815366a145340d5b679_49273593_02971610XX1.jpg;https://127-foto.netlify.app/168.jpg;NEVIGLIE 0574 0927 0002(158);;;;
9;158;UBINO;158UBINO;271;Calzature;UBINO;0941 0906;99;544524||94109060000;https://cdn.jooraccess.com/img/uploads/accounts/598756/images/pZjxYzakS2alqdDJaK96TA_16027437726a5643450d69d9_68998738_03050750XX1.jpg;https://127-foto.netlify.app/168.jpg;UBINO 0941 0906(158);;;;
1;159;POSIDONIA;159POSIDONIA;271;Abito;POSIDONIA;4629;7;544255||462900000000;https://cdn.jooraccess.com/img/uploads/accounts/598756/images/MWc2XJbZShahRfgiDGOKTA_6843967786a5634f63ebc78_14676019_03010260XX1.jpg;https://127-foto.netlify.app/285.jpg;POSIDONIA 4629(159);;;;
1;159;IMPERATA;159IMPERATA;271;Borsa;IMPERATA;1174 2264 0002;99;544433||117422640002;https://cdn.jooraccess.com/img/uploads/accounts/598756/images/Pj2SRbtfRqCKR0Mxwii2bw_8265263486a56433527aa88_71522837_03050330XX1.jpg;https://127-foto.netlify.app/285.jpg;IMPERATA 1174 2264 0002(159);;;;
1;159;NEVIGLIE;159NEVIGLIE;271;Orecchino;NEVIGLIE;0212 0987 0002;99;544457||21209870002;https://cdn.jooraccess.com/img/uploads/accounts/598756/images/pBWomEtORpmttUyUZ8p8EQ_3710773156a1453417183e8_17218047_02971620XX1.jpg;https://127-foto.netlify.app/285.jpg;NEVIGLIE 0212 0987 0002(159);;;;
1;159;ULLANO        B;159ULLANO        B;271;Calzature;ULLANO        B;49;99;544483||4900000000;https://cdn.jooraccess.com/img/uploads/accounts/598756/images/LFbr3MrZRrm_GbSwCPZkhA_20851971266a564345dfd0b4_67912225_03050770XX1.jpg;https://127-foto.netlify.app/285.jpg;ULLANO        B 49(159);;;;
1;159;DENARI        A;159DENARI        A;271;Cintura;DENARI        A;1190 2243 0002;99;544527||119022430002;https://cdn.jooraccess.com/img/uploads/accounts/598756/images/5LbhtGMVSC-QEg4WY3qaGw_15407108866a56432ccf3923_24458432_03050080XX1.jpg;https://127-foto.netlify.app/285.jpg;DENARI        A 1190 2243 0002(159);;;;
9;160;CORA;160CORA;271;Abito;CORA;1127;7;100852||112700000000;https://cdn.jooraccess.com/img/uploads/accounts/598756/images/BCXeYrefRM-09VQJP9er-Q_12373319486a56353ac073e9_62143836_03040480XX1.jpg;https://127-foto.netlify.app/171.jpg;CORA 1127(160);;;;
9;160;NOMAGLIO      C;160NOMAGLIO      C;271;Bracciale;NOMAGLIO      C;0987 0212 0002;99;544242||98702120002;https://cdn.jooraccess.com/img/uploads/accounts/598756/images/o4el4WDST_GAnO-UD8TmTw_4020636746a145338e3be47_39681256_02971340XX1.jpg;https://127-foto.netlify.app/171.jpg;NOMAGLIO      C 0987 0212 0002(160);;;;
9;160;IMPARI;160IMPARI;271;Borsa;IMPARI;0943 3574 0002;99;544328||94335740002;https://cdn.jooraccess.com/img/uploads/accounts/598756/images/xAY7WiCeSNif-QACtjyfaA_12851178906a5643342a6438_10784813_03050310XX1.jpg;https://127-foto.netlify.app/171.jpg;IMPARI 0943 3574 0002(160);;;;
9;160;NORMANNA;160NORMANNA;271;Collana;NORMANNA;0987 0095;99;544407||98700950000;https://cdn.jooraccess.com/img/uploads/accounts/598756/images/_QenSYr9R1mOnFcFgT3pEA_18754025086a14533aaac4a1_57444356_02971380XX1-2.jpg;https://127-foto.netlify.app/171.jpg;NORMANNA 0987 0095(160);;;;
9;160;ULLANO        B;160ULLANO        B;271;Calzature;ULLANO        B;2;99;544483||200000000;#N/D;https://127-foto.netlify.app/171.jpg;ULLANO        B 2(160);;;;
1;161;BAKERY;161BAKERY;271;Camicia;BAKERY;4629;2;544538||462900000000;https://cdn.jooraccess.com/img/uploads/accounts/598756/images/xdRFkJTvSHCQTMnnrhvk0w_7481717166a5634d925c994_94068039_03000040XX1.jpg;https://127-foto.netlify.app/276.jpg;BAKERY 4629(161);;;;
1;161;ABANTE;161ABANTE;271;Pantalone;ABANTE;1199;5;544497||119900000000;https://cdn.jooraccess.com/img/uploads/accounts/598756/images/3g9Ada4yReqhQsIDYXSisA_8794742556a5634c8be9f43_55431340_02990030XX1.jpg;https://127-foto.netlify.app/276.jpg;ABANTE 1199(161);;;;
1;161;NOMAGLIO      C;161NOMAGLIO      C;271;Bracciale;NOMAGLIO      C;0903 1507 0002;99;544242||90315070002;https://cdn.jooraccess.com/img/uploads/accounts/598756/images/1L6tlfjKQ7y08YEgiUwcYQ_16376100936a1453394e2a43_07744812_02971350XX1.jpg;https://127-foto.netlify.app/276.jpg;NOMAGLIO      C 0903 1507 0002(161);;;;
1;161;NUTRIENTE;161NUTRIENTE;271;Collana;NUTRIENTE;1840 0002;99;544260||184000020000;https://cdn.jooraccess.com/img/uploads/accounts/598756/images/NfS-szldQGyLj15Q-qbI8g_2965539826a56434135fe09_31530553_03050630XX1.jpg;https://127-foto.netlify.app/276.jpg;NUTRIENTE 1840 0002(161);;;;
1;161;IAPIGE;161IAPIGE;271;Borsa;IAPIGE;2339 0002;99;544272||233900020000;https://cdn.jooraccess.com/img/uploads/accounts/598756/images/cvf7J-0iQ4ecP4xpRAXFnA_4276540736a1453282dde79_10220699_02970160XX1.jpg;https://127-foto.netlify.app/276.jpg;IAPIGE 2339 0002(161);;;;
1;161;DANTESCO      B;161DANTESCO      B;271;Cintura;DANTESCO      B;1108 0002;99;544390||110800020000;https://cdn.jooraccess.com/img/uploads/accounts/598756/images/FqPj3qiCSwK295js2HqIDw_19742520456a14533d5596b8_48521006_02971460XX1.jpg;https://127-foto.netlify.app/276.jpg;DANTESCO      B 1108 0002(161);;;;
1;161;ULLANO        B;161ULLANO        B;271;Calzature;ULLANO        B;49;99;544483||4900000000;https://cdn.jooraccess.com/img/uploads/accounts/598756/images/LFbr3MrZRrm_GbSwCPZkhA_20851971266a564345dfd0b4_67912225_03050770XX1.jpg;https://127-foto.netlify.app/276.jpg;ULLANO        B 49(161);;;;
6;162;PALMIRA;162PALMIRA;271;Abito;PALMIRA;1107;7;544539||110700000000;https://cdn.jooraccess.com/img/uploads/accounts/598756/images/l3APXM9DQN6N7Jdiu-kanQ_11545230836a5634ed11eaf6_20044182_03010080XX1.jpg;https://127-foto.netlify.app/251.jpg;PALMIRA 1107(162);;;;
6;162;DEFALCO;162DEFALCO;271;Cintura;DEFALCO;0504 2253 0002;99;544220||50422530002;https://cdn.jooraccess.com/img/uploads/accounts/598756/images/image (1077).png;https://127-foto.netlify.app/251.jpg;DEFALCO 0504 2253 0002(162);;;;
6;162;IAPIGE;162IAPIGE;271;Borsa;IAPIGE;2339 0002;99;544272||233900020000;https://cdn.jooraccess.com/img/uploads/accounts/598756/images/cvf7J-0iQ4ecP4xpRAXFnA_4276540736a1453282dde79_10220699_02970160XX1.jpg;https://127-foto.netlify.app/251.jpg;IAPIGE 2339 0002(162);;;;
6;162;NEMBO;162NEMBO;271;Bracciale;NEMBO;2;99;544362||200000000;https://cdn.jooraccess.com/img/uploads/accounts/598756/images/xLITR-bmTpifPcpfySI7HA_11425679496a14532a752617_68673182_02970400XX1.jpg;https://127-foto.netlify.app/251.jpg;NEMBO 2(162);;;;
6;162;USCITA;162USCITA;271;Calzature;USCITA;2264 2264;99;544431||226422640000;#N/D;https://127-foto.netlify.app/251.jpg;USCITA 2264 2264(162);;;;
6;162;NEVIGLIE;162NEVIGLIE;271;Orecchino;NEVIGLIE;0574 0927 0002;99;544457||57409270002;https://cdn.jooraccess.com/img/uploads/accounts/598756/images/K3ZDNI-eRU-cv2BQEK5HtQ_19105815366a145340d5b679_49273593_02971610XX1.jpg;https://127-foto.netlify.app/251.jpg;NEVIGLIE 0574 0927 0002(162);;;;
8;163;BARCATA;163BARCATA;271;Camicia;BARCATA;3493;2;544321||349300000000;https://cdn.jooraccess.com/img/uploads/accounts/598756/images/f2LJPTaoSSmQyd52SHM9cw_8317903856a5634dd659298_75270758_03000140XX1.jpg;https://127-foto.netlify.app/214.jpg;BARCATA 3493(163);;;;
8;163;BORD;163BORD;271;Top;BORD;201;3;544631||20100000000;https://cdn.jooraccess.com/img/uploads/accounts/598756/images/DByTihoLSjqdMiZWzqDRBg_385723876a5634e3e56b48_55148367_03000330XX1.jpg;https://127-foto.netlify.app/214.jpg;BORD 201(163);;;;
8;163;ANIDRO;163ANIDRO;271;Pantalone;ANIDRO;201;5;544585||20100000000;https://cdn.jooraccess.com/img/uploads/accounts/598756/images/3Xsx-RK0QJy-qGP1Q3gRVA_19700470796a5634cd8fc8b5_42727777_02990130XX1.jpg;https://127-foto.netlify.app/214.jpg;ANIDRO 201(163);;;;
8;163;IAPIGE;163IAPIGE;271;Borsa;IAPIGE;0227 0002;99;544272||22700020000;https://cdn.jooraccess.com/img/uploads/accounts/598756/images/fvTrCNg6SbCSXB8ct9rySQ_13979748506a14532752f147_81983578_02970130XX1.jpg;https://127-foto.netlify.app/214.jpg;IAPIGE 0227 0002(163);;;;
8;163;NONA;163NONA;271;Bracciale;NONA;2;99;544361||200000000;https://cdn.jooraccess.com/img/uploads/accounts/598756/images/NCVbcOEzTZ-NyeviAg7xyQ_15946604066a14533a4d6852_60896697_02971370XX4.jpg;https://127-foto.netlify.app/214.jpg;NONA 2(163);;;;
8;163;DANTESCO      B;163DANTESCO      B;271;Cintura;DANTESCO      B;2706 0002;99;544390||270600020000;0;https://127-foto.netlify.app/214.jpg;DANTESCO      B 2706 0002(163);;;;
8;163;NEVISCHIO     A;163NEVISCHIO     A;271;Orecchino;NEVISCHIO     A;2;99;544429||200000000;https://cdn.jooraccess.com/img/uploads/accounts/598756/images/DQWAE_vBS7i1YR1OzJeDhw_21086673106a1453421044e4_96117532_02971630XX1.jpg;https://127-foto.netlify.app/214.jpg;NEVISCHIO     A 2(163);;;;
8;163;UMBERINO      A;163UMBERINO      A;271;Calzature;UMBERINO      A;260;99;544464||26000000000;https://cdn.jooraccess.com/img/uploads/accounts/598756/images/6oTMczRyTHamYgn-3fBnYA_13368863696a56434655f679_45142157_03050780XX1.jpg;https://127-foto.netlify.app/214.jpg;UMBERINO      A 260(163);;;;
9;164;CAID;164CAID;271;Pullover;CAID;1127;4;100799||112700000000;https://cdn.jooraccess.com/img/uploads/accounts/598756/images/VLTiA48HTVO1OW1Hlv-gcQ_13245809006a563526306233_51382988_03040080XX1.jpg;https://127-foto.netlify.app/170.jpg;CAID 1127(164);;;;
9;164;ANNABELLA;164ANNABELLA;271;Pantalone;ANNABELLA;1121;5;544499||112100000000;https://cdn.jooraccess.com/img/uploads/accounts/598756/images/BZlRDlkHR_KSKzkErlyLNg_7911810726a5634ceea8a52_05095882_02990160XX1.jpg;https://127-foto.netlify.app/170.jpg;ANNABELLA 1121(164);;;;
9;164;IAPIGE;164IAPIGE;271;Borsa;IAPIGE;2339 0002;99;544272||233900020000;https://cdn.jooraccess.com/img/uploads/accounts/598756/images/cvf7J-0iQ4ecP4xpRAXFnA_4276540736a1453282dde79_10220699_02970160XX1.jpg;https://127-foto.netlify.app/170.jpg;IAPIGE 2339 0002(164);;;;
9;164;NONA;164NONA;271;Bracciale;NONA;2;99;544361||200000000;https://cdn.jooraccess.com/img/uploads/accounts/598756/images/NCVbcOEzTZ-NyeviAg7xyQ_15946604066a14533a4d6852_60896697_02971370XX4.jpg;https://127-foto.netlify.app/170.jpg;NONA 2(164);;;;
9;164;DANTESCO      B;164DANTESCO      B;271;Cintura;DANTESCO      B;1108 0002;99;544390||110800020000;https://cdn.jooraccess.com/img/uploads/accounts/598756/images/FqPj3qiCSwK295js2HqIDw_19742520456a14533d5596b8_48521006_02971460XX1.jpg;https://127-foto.netlify.app/170.jpg;DANTESCO      B 1108 0002(164);;;;
9;164;NEVISCHIO     A;164NEVISCHIO     A;271;Orecchino;NEVISCHIO     A;2;99;544429||200000000;https://cdn.jooraccess.com/img/uploads/accounts/598756/images/DQWAE_vBS7i1YR1OzJeDhw_21086673106a1453421044e4_96117532_02971630XX1.jpg;https://127-foto.netlify.app/170.jpg;NEVISCHIO     A 2(164);;;;
9;164;UMBERINO      A;164UMBERINO      A;271;Calzature;UMBERINO      A;2339;99;544464||233900000000;https://cdn.jooraccess.com/img/uploads/accounts/598756/images/BzP2Kd-kRe-WbaI2eUQcgQ_10356781886a145333bffbe9_96445397_02971220XX1.jpg;https://127-foto.netlify.app/170.jpg;UMBERINO      A 2339(164);;;;
9;165;CONNOR;165CONNOR;271;Giacca;CONNOR;1127;1;100820||112700000000;https://cdn.jooraccess.com/img/uploads/accounts/598756/images/TF16sQ6uQcqYy0CV1s436g_3523346996a563539304625_25226226_03040450XX1.jpg;https://127-foto.netlify.app/169.jpg;CONNOR 1127(165);;;;
9;165;CUNICOLO      E;165CUNICOLO      E;271;Top;CUNICOLO      E;1127;3;100673||112700000000;https://cdn.jooraccess.com/img/uploads/accounts/598756/images/EJ-xkvNARyWuj5oKBGa9jA_3212955866a56353fa43ae4_20725393_03040610XX1.jpg;https://127-foto.netlify.app/169.jpg;CUNICOLO      E 1127(165);;;;
9;165;ADELAIDA;165ADELAIDA;271;Pantalone;ADELAIDA;202;5;544517||20200000000;https://cdn.jooraccess.com/img/uploads/accounts/598756/images/DNE4aRdqSUCbaEBYuKmvcQ_18561447786a5634c9c87700_24984861_02990050XX1.jpg;https://127-foto.netlify.app/169.jpg;ADELAIDA 202(165);;;;
9;165;NOGAL;165NOGAL;271;Collana;NOGAL;0005 0009;99;544274||500090000;https://cdn.jooraccess.com/img/uploads/accounts/598756/images/IEeX1zttRUuDHQf5jffuTA_13822649526a56433c1f3530_37721112_03050480XX1.jpg;https://127-foto.netlify.app/169.jpg;NOGAL 0005 0009(165);;;;
9;165;NOIR;165NOIR;271;Collana;NOIR;0002 0007;99;544276||200070000;https://cdn.jooraccess.com/img/uploads/accounts/598756/images/RUZ1sOaNTcOwm5u3RIeOrA_14344675876a56433e1e6fd8_50060159_03050530XX1.jpg;https://127-foto.netlify.app/169.jpg;NOIR 0002 0007(165);;;;
9;165;DANTESCO      B;165DANTESCO      B;271;Cintura;DANTESCO      B;2706 0002;99;544390||270600020000;0;https://127-foto.netlify.app/169.jpg;DANTESCO      B 2706 0002(165);;;;
9;165;NEVISCHIO     A;165NEVISCHIO     A;271;Orecchino;NEVISCHIO     A;2;99;544429||200000000;https://cdn.jooraccess.com/img/uploads/accounts/598756/images/DQWAE_vBS7i1YR1OzJeDhw_21086673106a1453421044e4_96117532_02971630XX1.jpg;https://127-foto.netlify.app/169.jpg;NEVISCHIO     A 2(165);;;;
9;165;ULLANO        B;165ULLANO        B;271;Calzature;ULLANO        B;49;99;544483||4900000000;https://cdn.jooraccess.com/img/uploads/accounts/598756/images/LFbr3MrZRrm_GbSwCPZkhA_20851971266a564345dfd0b4_67912225_03050770XX1.jpg;https://127-foto.netlify.app/169.jpg;ULLANO        B 49(165);;;;
8;166;COSMIA;166COSMIA;271;Giacca;COSMIA;0202 1192;1;100795||20211920000;https://cdn.jooraccess.com/img/uploads/accounts/598756/images/nfTxPyURQ7emOKumLp4UrA_1197325996a56353cbe6f59_67731484_03040520XX1.jpg;https://127-foto.netlify.app/211.jpg;COSMIA 0202 1192(166);;;;
8;166;CROMISTA;166CROMISTA;271;Top;CROMISTA;0202 1192;3;100793||20211920000;https://cdn.jooraccess.com/img/uploads/accounts/598756/images/x2dKHDekSbaG0sxJERViNg_12292660206a56353db2df86_59255297_03040540XX1.jpg;https://127-foto.netlify.app/211.jpg;CROMISTA 0202 1192(166);;;;
8;166;ABAISSE;166ABAISSE;271;Pantalone;ABAISSE;221;5;544470||22100000000;https://cdn.jooraccess.com/img/uploads/accounts/598756/images/die_Axt5Tnu7w9UGx8hBUw_1697557966a14523a2b0bd0_88321441_02900440XX1.jpg;https://127-foto.netlify.app/211.jpg;ABAISSE 221(166);;;;
8;166;NOMAGLIO      C;166NOMAGLIO      C;271;Bracciale;NOMAGLIO      C;0987 0212 0002;99;544242||98702120002;https://cdn.jooraccess.com/img/uploads/accounts/598756/images/o4el4WDST_GAnO-UD8TmTw_4020636746a145338e3be47_39681256_02971340XX1.jpg;https://127-foto.netlify.app/211.jpg;NOMAGLIO      C 0987 0212 0002(166);;;;
8;166;IAPIGE;166IAPIGE;271;Borsa;IAPIGE;2339 0002;99;544272||233900020000;https://cdn.jooraccess.com/img/uploads/accounts/598756/images/cvf7J-0iQ4ecP4xpRAXFnA_4276540736a1453282dde79_10220699_02970160XX1.jpg;https://127-foto.netlify.app/211.jpg;IAPIGE 2339 0002(166);;;;
8;166;NEVIGLIE;166NEVIGLIE;271;Orecchino;NEVIGLIE;0212 0987 0002;99;544457||21209870002;https://cdn.jooraccess.com/img/uploads/accounts/598756/images/pBWomEtORpmttUyUZ8p8EQ_3710773156a1453417183e8_17218047_02971620XX1.jpg;https://127-foto.netlify.app/211.jpg;NEVIGLIE 0212 0987 0002(166);;;;
8;166;UMBERINO      A;166UMBERINO      A;271;Calzature;UMBERINO      A;2339;99;544464||233900000000;https://cdn.jooraccess.com/img/uploads/accounts/598756/images/BzP2Kd-kRe-WbaI2eUQcgQ_10356781886a145333bffbe9_96445397_02971220XX1.jpg;https://127-foto.netlify.app/211.jpg;UMBERINO      A 2339(166);;;;
;167;VITA;167VITA;271;Giacca;VITA;234;1;544047||23400000000;https://cdn.jooraccess.com/img/uploads/accounts/598756/images/b68e5EqNS0OcG1U87SsgGA_10099474676a56351fc14e65_84829719_03030140XX1.jpg;https://127-foto.netlify.app/289.jpg;VITA 234(167);;;;
;167;CONTAGIRI     B;167CONTAGIRI     B;271;Pullover;CONTAGIRI     B;202;4;100675||20200000000;https://cdn.jooraccess.com/img/uploads/accounts/598756/images/CONTAGIRIA_20200000000 (4).jpg;https://127-foto.netlify.app/289.jpg;CONTAGIRI     B 202(167);;;;
;167;AVOLA         A;167AVOLA         A;271;Bermuda;AVOLA         A;201;5;544633||20100000000;https://cdn.jooraccess.com/img/uploads/accounts/598756/images/S54U72SeR2OG_22Y4lOXZg_9861788536a5634d6dc5259_11580725_02990310XX1.jpg;https://127-foto.netlify.app/289.jpg;AVOLA         A 201(167);;;;
;167;NERVINO;167NERVINO;271;Spilla;NERVINO;2;99;544280||200000000;https://cdn.jooraccess.com/img/uploads/accounts/598756/images/YcL80-XURr2okSTWkki-Zg_6384356166a14532c0c0878_17482258_02970460XX1.jpg;https://127-foto.netlify.app/289.jpg;NERVINO 2(167);;;;
;167;NEBIN;167NEBIN;271;Spilla;NEBIN;2;99;544283||200000000;https://cdn.jooraccess.com/img/uploads/accounts/598756/images/lkmnVyQZSd21Qd6aQvBG2A_11362622186a14532a182571_20914424_02970380XX1.jpg;https://127-foto.netlify.app/289.jpg;NEBIN 2(167);;;;
;167;LS1928GC      B;167LS1928GC      B;271;Borsa;LS1928GC      B;1176 0038;99;544454||117600380000;#N/D;https://127-foto.netlify.app/289.jpg;LS1928GC      B 1176 0038(167);;;;
;167;USTI;167USTI;271;Calzature;USTI;1176 0002;99;544466||117600020000;https://cdn.jooraccess.com/img/uploads/accounts/598756/images/_VBj_kwbTWuHiZddo-Afig_7783833586a564346bc8ec7_66150361_03050790XX1.jpg;https://127-foto.netlify.app/289.jpg;USTI 1176 0002(167);;;;
3;168;CONCORD;168CONCORD;271;Pullover;CONCORD;0202 0202;4;100822||20202020000;https://cdn.jooraccess.com/img/uploads/accounts/598756/images/CtdKUZXoR2e_qV8pp9uvgg_103337366a563535b600f6_40571050_03040370XX1.jpg;https://127-foto.netlify.app/212.jpg;CONCORD 0202 0202(168);;;;
3;168;ADELAIDA;168ADELAIDA;271;Pantalone;ADELAIDA;202;5;544517||20200000000;https://cdn.jooraccess.com/img/uploads/accounts/598756/images/DNE4aRdqSUCbaEBYuKmvcQ_18561447786a5634c9c87700_24984861_02990050XX1.jpg;https://127-foto.netlify.app/212.jpg;ADELAIDA 202(168);;;;
3;168;DEFALCO;168DEFALCO;271;Cintura;DEFALCO;0504 2253 0002;99;544220||50422530002;https://cdn.jooraccess.com/img/uploads/accounts/598756/images/image (1077).png;https://127-foto.netlify.app/212.jpg;DEFALCO 0504 2253 0002(168);;;;
3;168;NILVANGE;168NILVANGE;271;Collana;NILVANGE;1173 0002;99;544246||117300020000;https://cdn.jooraccess.com/img/uploads/accounts/598756/images/IgGdeeuzQOODJHbfAWqFkQ_20712449896a564338026a86_31246850_03050400XX1.jpg;https://127-foto.netlify.app/212.jpg;NILVANGE 1173 0002(168);;;;
3;168;IAPIGE;168IAPIGE;271;Borsa;IAPIGE;2339 0002;99;544272||233900020000;https://cdn.jooraccess.com/img/uploads/accounts/598756/images/cvf7J-0iQ4ecP4xpRAXFnA_4276540736a1453282dde79_10220699_02970160XX1.jpg;https://127-foto.netlify.app/212.jpg;IAPIGE 2339 0002(168);;;;
3;168;UMBERINO      A;168UMBERINO      A;271;Calzature;UMBERINO      A;2339;99;544464||233900000000;https://cdn.jooraccess.com/img/uploads/accounts/598756/images/BzP2Kd-kRe-WbaI2eUQcgQ_10356781886a145333bffbe9_96445397_02971220XX1.jpg;https://127-foto.netlify.app/212.jpg;UMBERINO      A 2339(168);;;;
3;169;VITA;169VITA;271;Giacca;VITA;234;1;544047||23400000000;https://cdn.jooraccess.com/img/uploads/accounts/598756/images/b68e5EqNS0OcG1U87SsgGA_10099474676a56351fc14e65_84829719_03030140XX1.jpg;https://127-foto.netlify.app/213.jpg;VITA 234(169);;;;
3;169;CUNICOLO      E;169CUNICOLO      E;271;Top;CUNICOLO      E;201;3;100673||20100000000;https://cdn.jooraccess.com/img/uploads/accounts/598756/images/CUNICOLOD_20100000000.jpg;https://127-foto.netlify.app/213.jpg;CUNICOLO      E 201(169);;;;
3;169;ABAISSE;169ABAISSE;271;Pantalone;ABAISSE;221;5;544470||22100000000;https://cdn.jooraccess.com/img/uploads/accounts/598756/images/die_Axt5Tnu7w9UGx8hBUw_1697557966a14523a2b0bd0_88321441_02900440XX1.jpg;https://127-foto.netlify.app/213.jpg;ABAISSE 221(169);;;;
3;169;IAPIGE;169IAPIGE;271;Borsa;IAPIGE;0227 0002;99;544272||22700020000;https://cdn.jooraccess.com/img/uploads/accounts/598756/images/fvTrCNg6SbCSXB8ct9rySQ_13979748506a14532752f147_81983578_02970130XX1.jpg;https://127-foto.netlify.app/213.jpg;IAPIGE 0227 0002(169);;;;
3;169;NOIR;169NOIR;271;Collana;NOIR;0002 0007;99;544276||200070000;https://cdn.jooraccess.com/img/uploads/accounts/598756/images/RUZ1sOaNTcOwm5u3RIeOrA_14344675876a56433e1e6fd8_50060159_03050530XX1.jpg;https://127-foto.netlify.app/213.jpg;NOIR 0002 0007(169);;;;
3;169;NERVINO;169NERVINO;271;Spilla;NERVINO;2;99;544280||200000000;https://cdn.jooraccess.com/img/uploads/accounts/598756/images/YcL80-XURr2okSTWkki-Zg_6384356166a14532c0c0878_17482258_02970460XX1.jpg;https://127-foto.netlify.app/213.jpg;NERVINO 2(169);;;;
3;169;UMBERINO      A;169UMBERINO      A;271;Calzature;UMBERINO      A;260;99;544464||26000000000;https://cdn.jooraccess.com/img/uploads/accounts/598756/images/6oTMczRyTHamYgn-3fBnYA_13368863696a56434655f679_45142157_03050780XX1.jpg;https://127-foto.netlify.app/213.jpg;UMBERINO      A 260(169);;;;
9;170;CONVIVIALE;170CONVIVIALE;271;Pullover;CONVIVIALE;0201 3434;4;100818||20134340000;https://cdn.jooraccess.com/img/uploads/accounts/598756/images/H-6HIvPlQNmOv1GK8sXAoQ_12594490956a563539ac98e3_71281633_03040460XX1.jpg;https://127-foto.netlify.app/228.jpg;CONVIVIALE 0201 3434(170);;;;
9;170;AMATORE       B;170AMATORE       B;271;Pantalone;AMATORE       B;201;5;544453||20100000000;https://cdn.jooraccess.com/img/uploads/accounts/598756/images/8ZhMAFDzREaJXWuBtUJFjA_19568665066a5634cc1fa8c4_07375184_02990100XX1.jpg;https://127-foto.netlify.app/228.jpg;AMATORE       B 201(170);;;;
9;170;XAURORA;170XAURORA;271;Occhiali Sole;XAURORA;0101 0002;99;544317||10100020000;https://cdn.jooraccess.com/img/uploads/accounts/598756/images/fnyk7LQdQ4qYb5fy9yk4Iw_6977136496a145336c0ca77_10334535_02971290XX1.jpg;https://127-foto.netlify.app/228.jpg;XAURORA 0101 0002(170);;;;
9;170;NEVISCHIO     A;170NEVISCHIO     A;271;Orecchino;NEVISCHIO     A;2;99;544429||200000000;https://cdn.jooraccess.com/img/uploads/accounts/598756/images/DQWAE_vBS7i1YR1OzJeDhw_21086673106a1453421044e4_96117532_02971630XX1.jpg;https://127-foto.netlify.app/228.jpg;NEVISCHIO     A 2(170);;;;
9;170;UMBERINO      A;170UMBERINO      A;271;Calzature;UMBERINO      A;260;99;544464||26000000000;https://cdn.jooraccess.com/img/uploads/accounts/598756/images/6oTMczRyTHamYgn-3fBnYA_13368863696a56434655f679_45142157_03050780XX1.jpg;https://127-foto.netlify.app/228.jpg;UMBERINO      A 260(170);;;;
7;171;PLAIA;171PLAIA;271;Abito;PLAIA;1703;7;544512||170300000000;https://cdn.jooraccess.com/img/uploads/accounts/598756/images/X_IzZtf8TmmrL8J5AQZMag_8866940116a5634f3116d62_23185552_03010200XX1.jpg;https://127-foto.netlify.app/166.jpg;PLAIA 1703(171);;;;
7;171;IMMENSITA;171IMMENSITA;271;Borsa;IMMENSITA;2002 0002;99;544205||200200020000;https://cdn.jooraccess.com/img/uploads/accounts/598756/images/tEsGzmojRfe9THvh0XJNfQ_15594845816a5635561d5265_27524945.jpg;https://127-foto.netlify.app/166.jpg;IMMENSITA 2002 0002(171);;;;
7;171;NONA;171NONA;271;Bracciale;NONA;2;99;544361||200000000;https://cdn.jooraccess.com/img/uploads/accounts/598756/images/NCVbcOEzTZ-NyeviAg7xyQ_15946604066a14533a4d6852_60896697_02971370XX4.jpg;https://127-foto.netlify.app/166.jpg;NONA 2(171);;;;
7;171;USCITA;171USCITA;271;Calzature;USCITA;2264 2264;99;544431||226422640000;#N/D;https://127-foto.netlify.app/166.jpg;USCITA 2264 2264(171);;;;
7;171;NEVIGLIE;171NEVIGLIE;271;Orecchino;NEVIGLIE;0574 0927 0002;99;544457||57409270002;https://cdn.jooraccess.com/img/uploads/accounts/598756/images/K3ZDNI-eRU-cv2BQEK5HtQ_19105815366a145340d5b679_49273593_02971610XX1.jpg;https://127-foto.netlify.app/166.jpg;NEVIGLIE 0574 0927 0002(171);;;;
6;172;CASSIANO;172CASSIANO;271;Giacca;CASSIANO;1710;1;100816||171000000000;https://cdn.jooraccess.com/img/uploads/accounts/598756/images/VCFkvC08Su2mXC9uFSUJTg_21434482006a56352a091e81_59027994_03040170XX1.jpg;https://127-foto.netlify.app/174.jpg;CASSIANO 1710(172);;;;
6;172;ASSE;172ASSE;271;Pantalone;ASSE;1718;5;544438||171800000000;https://cdn.jooraccess.com/img/uploads/accounts/598756/images/YzC15aY8RXaYqdkUURyllQ_7274194316a5634d1cee028_90495943_02990210XX1.jpg;https://127-foto.netlify.app/174.jpg;ASSE 1718(172);;;;
6;172;IAPIGE;172IAPIGE;271;Borsa;IAPIGE;2264 0002;99;544272||226400020000;https://cdn.jooraccess.com/img/uploads/accounts/598756/images/zJZAly2zQS-u2eAs4ykTOg_16970615336a145327b51567_35646153_02970150XX1.jpg;https://127-foto.netlify.app/174.jpg;IAPIGE 2264 0002(172);;;;
6;172;NDRAGO;172NDRAGO;271;Collana;NDRAGO;0002 0007;99;544275||200070000;https://cdn.jooraccess.com/img/uploads/accounts/598756/images/3Hxi7aLCT2i5EXDnjJMZfw_3373650846a1450cda37523_72183833_02970320XX1.jpg;https://127-foto.netlify.app/174.jpg;NDRAGO 0002 0007(172);;;;
6;172;NOIR;172NOIR;271;Collana;NOIR;0002 0007;99;544276||200070000;https://cdn.jooraccess.com/img/uploads/accounts/598756/images/RUZ1sOaNTcOwm5u3RIeOrA_14344675876a56433e1e6fd8_50060159_03050530XX1.jpg;https://127-foto.netlify.app/174.jpg;NOIR 0002 0007(172);;;;
6;172;NEVISCHIO     A;172NEVISCHIO     A;271;Orecchino;NEVISCHIO     A;2;99;544429||200000000;https://cdn.jooraccess.com/img/uploads/accounts/598756/images/DQWAE_vBS7i1YR1OzJeDhw_21086673106a1453421044e4_96117532_02971630XX1.jpg;https://127-foto.netlify.app/174.jpg;NEVISCHIO     A 2(172);;;;
6;172;ULLANO        B;172ULLANO        B;271;Calzature;ULLANO        B;49;99;544483||4900000000;https://cdn.jooraccess.com/img/uploads/accounts/598756/images/LFbr3MrZRrm_GbSwCPZkhA_20851971266a564345dfd0b4_67912225_03050770XX1.jpg;https://127-foto.netlify.app/174.jpg;ULLANO        B 49(172);;;;
7;173;CORA;173CORA;271;Abito;CORA;1710;7;100852||171000000000;https://cdn.jooraccess.com/img/uploads/accounts/598756/images/2U5EP78FQom31KlZBPABUg_19639485396a56353b3ceaa9_86717574_03040490XX1.jpg;https://127-foto.netlify.app/175.jpg;CORA 1710(173);;;;
7;173;IMMENSITA;173IMMENSITA;271;Borsa;IMMENSITA;2002 0002;99;544205||200200020000;https://cdn.jooraccess.com/img/uploads/accounts/598756/images/tEsGzmojRfe9THvh0XJNfQ_15594845816a5635561d5265_27524945.jpg;https://127-foto.netlify.app/175.jpg;IMMENSITA 2002 0002(173);;;;
7;173;NOMAGLIO      C;173NOMAGLIO      C;271;Bracciale;NOMAGLIO      C;0987 0553 0002;99;544242||98705530002;https://cdn.jooraccess.com/img/uploads/accounts/598756/images/x_cco6-cQeCGox9GddJ1iw_7653917226a14533881b560_86200448_02971330XX1.jpg;https://127-foto.netlify.app/175.jpg;NOMAGLIO      C 0987 0553 0002(173);;;;
7;173;NORMANNA;173NORMANNA;271;Collana;NORMANNA;0987 0095;99;544407||98700950000;https://cdn.jooraccess.com/img/uploads/accounts/598756/images/_QenSYr9R1mOnFcFgT3pEA_18754025086a14533aaac4a1_57444356_02971380XX1-2.jpg;https://127-foto.netlify.app/175.jpg;NORMANNA 0987 0095(173);;;;
7;173;NEVISCHIO     A;173NEVISCHIO     A;271;Orecchino;NEVISCHIO     A;2;99;544429||200000000;https://cdn.jooraccess.com/img/uploads/accounts/598756/images/DQWAE_vBS7i1YR1OzJeDhw_21086673106a1453421044e4_96117532_02971630XX1.jpg;https://127-foto.netlify.app/175.jpg;NEVISCHIO     A 2(173);;;;
7;173;UBINO;173UBINO;271;Calzature;UBINO;0941 0906;99;544524||94109060000;https://cdn.jooraccess.com/img/uploads/accounts/598756/images/pZjxYzakS2alqdDJaK96TA_16027437726a5643450d69d9_68998738_03050750XX1.jpg;https://127-foto.netlify.app/175.jpg;UBINO 0941 0906(173);;;;
7;174;BALCANICA;174BALCANICA;271;Camicia;BALCANICA;1785;2;544229||178500000000;https://cdn.jooraccess.com/img/uploads/accounts/598756/images/eLswExGsSsqjZ1GEn-gx2Q_8657599246a5634da9c7380_13541406_03000070XX1.jpg;https://127-foto.netlify.app/177.jpg;BALCANICA 1785(174);;;;
7;174;TARTANA;174TARTANA;271;Gonna;TARTANA;1785 1785;6;544233||178517850000;https://cdn.jooraccess.com/img/uploads/accounts/598756/images/GxJp6yOPQsCIGbWSS2NWaA_16527097566a563516c23914_36116412_03020080XX1.jpg;https://127-foto.netlify.app/177.jpg;TARTANA 1785 1785(174);;;;
7;174;IMMENSITA;174IMMENSITA;271;Borsa;IMMENSITA;2002 0002;99;544205||200200020000;https://cdn.jooraccess.com/img/uploads/accounts/598756/images/tEsGzmojRfe9THvh0XJNfQ_15594845816a5635561d5265_27524945.jpg;https://127-foto.netlify.app/177.jpg;IMMENSITA 2002 0002(174);;;;
7;174;NOGAL;174NOGAL;271;Collana;NOGAL;0002 0007;99;544274||200070000;https://cdn.jooraccess.com/img/uploads/accounts/598756/images/50UZ6LT8S0ykxcZZ0vfbxw_13068316976a56433ba0a697_73125571_03050470XX1.jpg;https://127-foto.netlify.app/177.jpg;NOGAL 0002 0007(174);;;;
7;174;NOIR;174NOIR;271;Collana;NOIR;0002 0007;99;544276||200070000;https://cdn.jooraccess.com/img/uploads/accounts/598756/images/RUZ1sOaNTcOwm5u3RIeOrA_14344675876a56433e1e6fd8_50060159_03050530XX1.jpg;https://127-foto.netlify.app/177.jpg;NOIR 0002 0007(174);;;;
7;174;DIALETTICA    A;174DIALETTICA    A;271;Cintura;DIALETTICA    A;3284 0002;99;544528||328400020000;https://cdn.jooraccess.com/img/uploads/accounts/598756/images/Vhs_wv3vRR2mUhzepTbLQA_8043115996a56432e2da9c2_32497389_03050130XX1.jpg;https://127-foto.netlify.app/177.jpg;DIALETTICA    A 3284 0002(174);;;;
7;174;ULTEN         A;174ULTEN         A;271;Calzature;ULTEN         A;2223;99;544635||222300000000;https://cdn.jooraccess.com/img/uploads/accounts/598756/images/ULTEN_222300000000.jpg;https://127-foto.netlify.app/177.jpg;ULTEN         A 2223(174);;;;
6;175;VITALY;175VITALY;271;Giacca;VITALY;3580;1;544425||358000000000;https://cdn.jooraccess.com/img/uploads/accounts/598756/images/YVsGt-qZTjueHz1Sy8lYXQ_7292712996a563520727a95_74698724_03030150XX1.jpg;https://127-foto.netlify.app/176.jpg;VITALY 3580(175);;;;
6;175;CUNICOLO      E;175CUNICOLO      E;271;Top;CUNICOLO      E;1116;3;100673||111600000000;https://cdn.jooraccess.com/img/uploads/accounts/598756/images/lHdHIbHbSv-oaYHJ_qbTVQ_20733577346a56353f342678_11769132_03040600XX1.jpg;https://127-foto.netlify.app/176.jpg;CUNICOLO      E 1116(175);;;;
6;175;ASTABILE;175ASTABILE;271;Bermuda;ASTABILE;3580;5;544498||358000000000;https://cdn.jooraccess.com/img/uploads/accounts/598756/images/MDA_tQJWQ16393XkziMcGg_9095294236a5634d254d705_68427219_02990220XX1.jpg;https://127-foto.netlify.app/176.jpg;ASTABILE 3580(175);;;;
6;175;IAPIGE;175IAPIGE;271;Borsa;IAPIGE;2339 0002;99;544272||233900020000;https://cdn.jooraccess.com/img/uploads/accounts/598756/images/cvf7J-0iQ4ecP4xpRAXFnA_4276540736a1453282dde79_10220699_02970160XX1.jpg;https://127-foto.netlify.app/176.jpg;IAPIGE 2339 0002(175);;;;
6;175;NOIR;175NOIR;271;Collana;NOIR;0002 0007;99;544276||200070000;https://cdn.jooraccess.com/img/uploads/accounts/598756/images/RUZ1sOaNTcOwm5u3RIeOrA_14344675876a56433e1e6fd8_50060159_03050530XX1.jpg;https://127-foto.netlify.app/176.jpg;NOIR 0002 0007(175);;;;
6;175;DANTESCO      B;175DANTESCO      B;271;Cintura;DANTESCO      B;2208 0002;99;544390||220800020000;https://cdn.jooraccess.com/img/uploads/accounts/598756/images/RgS-I6vbQZOzhxv4qTRcdg_13987254826a0ef699805375_36984117.jpg;https://127-foto.netlify.app/176.jpg;DANTESCO      B 2208 0002(175);;;;
6;175;NEVIGLIE;175NEVIGLIE;271;Orecchino;NEVIGLIE;0574 0927 0002;99;544457||57409270002;https://cdn.jooraccess.com/img/uploads/accounts/598756/images/K3ZDNI-eRU-cv2BQEK5HtQ_19105815366a145340d5b679_49273593_02971610XX1.jpg;https://127-foto.netlify.app/176.jpg;NEVIGLIE 0574 0927 0002(175);;;;
6;175;UMBERINO      A;175UMBERINO      A;271;Calzature;UMBERINO      A;2339;99;544464||233900000000;https://cdn.jooraccess.com/img/uploads/accounts/598756/images/BzP2Kd-kRe-WbaI2eUQcgQ_10356781886a145333bffbe9_96445397_02971220XX1.jpg;https://127-foto.netlify.app/176.jpg;UMBERINO      A 2339(175);;;;
7;176;BALCANICA;176BALCANICA;271;Camicia;BALCANICA;1785;2;544229||178500000000;https://cdn.jooraccess.com/img/uploads/accounts/598756/images/eLswExGsSsqjZ1GEn-gx2Q_8657599246a5634da9c7380_13541406_03000070XX1.jpg;https://127-foto.netlify.app/178.jpg;BALCANICA 1785(176);;;;
7;176;TAFFY;176TAFFY;271;Gonna;TAFFY;3577;6;544516||357700000000;https://cdn.jooraccess.com/img/uploads/accounts/598756/images/yflW_ZROQTuTU-xDnPy2kw_13722435936a563513e139f4_82990030_03020020XX1.jpg;https://127-foto.netlify.app/178.jpg;TAFFY 3577(176);;;;
7;176;IMMENSITA;176IMMENSITA;271;Borsa;IMMENSITA;2002 0002;99;544205||200200020000;https://cdn.jooraccess.com/img/uploads/accounts/598756/images/tEsGzmojRfe9THvh0XJNfQ_15594845816a5635561d5265_27524945.jpg;https://127-foto.netlify.app/178.jpg;IMMENSITA 2002 0002(176);;;;
7;176;NOMAGLIO      C;176NOMAGLIO      C;271;Bracciale;NOMAGLIO      C;0987 0553 0002;99;544242||98705530002;https://cdn.jooraccess.com/img/uploads/accounts/598756/images/x_cco6-cQeCGox9GddJ1iw_7653917226a14533881b560_86200448_02971330XX1.jpg;https://127-foto.netlify.app/178.jpg;NOMAGLIO      C 0987 0553 0002(176);;;;
7;176;NOMINE;176NOMINE;271;Collana;NOMINE;2;99;544269||200000000;https://cdn.jooraccess.com/img/uploads/accounts/598756/images/zWF_wa-RRkCtIZillbBHsg_18686290266a145339dceb21_18147814_02971360XX1-2.jpg;https://127-foto.netlify.app/178.jpg;NOMINE 2(176);;;;
7;176;NEVISCHIO     A;176NEVISCHIO     A;271;Orecchino;NEVISCHIO     A;2;99;544429||200000000;https://cdn.jooraccess.com/img/uploads/accounts/598756/images/DQWAE_vBS7i1YR1OzJeDhw_21086673106a1453421044e4_96117532_02971630XX1.jpg;https://127-foto.netlify.app/178.jpg;NEVISCHIO     A 2(176);;;;
7;176;ULTEN         A;176ULTEN         A;271;Calzature;ULTEN         A;2223;99;544635||222300000000;https://cdn.jooraccess.com/img/uploads/accounts/598756/images/ULTEN_222300000000.jpg;https://127-foto.netlify.app/178.jpg;ULTEN         A 2223(176);;;;
7;177;CIRCONDARIO;177CIRCONDARIO;271;Pullover;CIRCONDARIO;520;4;100826||52000000000;https://cdn.jooraccess.com/img/uploads/accounts/598756/images/kIPZUq-uTkOVTuTEqcKqkQ_516584726a563530c43de0_08050662_03040280XX1.jpg;https://127-foto.netlify.app/247.jpg;CIRCONDARIO 520(177);;;;
7;177;ALACRE;177ALACRE;271;Pantalone;ALACRE;3580;5;544570||358000000000;https://cdn.jooraccess.com/img/uploads/accounts/598756/images/3J_TvFcuSR644UbZFCeR9A_699632076a5634cb313ff6_97378016_02990080XX1.jpg;https://127-foto.netlify.app/247.jpg;ALACRE 3580(177);;;;
7;177;NOMAGLIO      C;177NOMAGLIO      C;271;Bracciale;NOMAGLIO      C;0987 0553 0002;99;544242||98705530002;https://cdn.jooraccess.com/img/uploads/accounts/598756/images/x_cco6-cQeCGox9GddJ1iw_7653917226a14533881b560_86200448_02971330XX1.jpg;https://127-foto.netlify.app/247.jpg;NOMAGLIO      C 0987 0553 0002(177);;;;
7;177;NUTRIENTE;177NUTRIENTE;271;Collana;NUTRIENTE;0598 0002;99;544260||59800020000;https://cdn.jooraccess.com/img/uploads/accounts/598756/images/04aR5_TKRrmt9iNx0MZFWA_17372991316a1450d59e7d51_97644694_02970950XX1.jpg;https://127-foto.netlify.app/247.jpg;NUTRIENTE 0598 0002(177);;;;
7;177;NEVISCHIO     A;177NEVISCHIO     A;271;Orecchino;NEVISCHIO     A;2;99;544429||200000000;https://cdn.jooraccess.com/img/uploads/accounts/598756/images/DQWAE_vBS7i1YR1OzJeDhw_21086673106a1453421044e4_96117532_02971630XX1.jpg;https://127-foto.netlify.app/247.jpg;NEVISCHIO     A 2(177);;;;
7;177;ULLANO        B;177ULLANO        B;271;Calzature;ULLANO        B;49;99;544483||4900000000;https://cdn.jooraccess.com/img/uploads/accounts/598756/images/LFbr3MrZRrm_GbSwCPZkhA_20851971266a564345dfd0b4_67912225_03050770XX1.jpg;https://127-foto.netlify.app/247.jpg;ULLANO        B 49(177);;;;
8;178;BINASCA;178BINASCA;271;Camicia;BINASCA;2808;2;544230||280800000000;https://cdn.jooraccess.com/img/uploads/accounts/598756/images/w8KvIafxTRyVEZ6P5C2d7g_15509017766a5634e2206583_67748651_03000270XX1.jpg;https://127-foto.netlify.app/220.jpg;BINASCA 2808(178);;;;
8;178;AMATORE       B;178AMATORE       B;271;Pantalone;AMATORE       B;979;5;544453||97900000000;https://cdn.jooraccess.com/img/uploads/accounts/598756/images/iHnQuGnVQZCIBhQX14Ib1Q_18133054916a5634cc8bbad9_12609631_02990110XX1.jpg;https://127-foto.netlify.app/220.jpg;AMATORE       B 979(178);;;;
8;178;NUTRIENTE;178NUTRIENTE;271;Collana;NUTRIENTE;1531 0002;99;544260||153100020000;https://cdn.jooraccess.com/img/uploads/accounts/598756/images/vjw0U7GXRSeCZVt-Yg07vA_16975754386a1450d4770ef9_09843333_02970920XX1.jpg;https://127-foto.netlify.app/220.jpg;NUTRIENTE 1531 0002(178);;;;
8;178;IMPARI;178IMPARI;271;Borsa;IMPARI;0943 3574 0002;99;544328||94335740002;https://cdn.jooraccess.com/img/uploads/accounts/598756/images/xAY7WiCeSNif-QACtjyfaA_12851178906a5643342a6438_10784813_03050310XX1.jpg;https://127-foto.netlify.app/220.jpg;IMPARI 0943 3574 0002(178);;;;
8;178;NEMBO;178NEMBO;271;Bracciale;NEMBO;2;99;544362||200000000;https://cdn.jooraccess.com/img/uploads/accounts/598756/images/xLITR-bmTpifPcpfySI7HA_11425679496a14532a752617_68673182_02970400XX1.jpg;https://127-foto.netlify.app/220.jpg;NEMBO 2(178);;;;
8;178;UBINO;178UBINO;271;Calzature;UBINO;0941 0906;99;544524||94109060000;https://cdn.jooraccess.com/img/uploads/accounts/598756/images/pZjxYzakS2alqdDJaK96TA_16027437726a5643450d69d9_68998738_03050750XX1.jpg;https://127-foto.netlify.app/220.jpg;UBINO 0941 0906(178);;;;
8;179;CASEL;179CASEL;271;Giacca;CASEL;4701;1;100828||470100000000;https://cdn.jooraccess.com/img/uploads/accounts/598756/images/Ea9aGLIAQP6GaENc8CsM-A_2465465336a563528c2e173_77291771_03040150XX1.jpg;https://127-foto.netlify.app/287.jpg;CASEL 4701(179);;;;
8;179;CASALINA;179CASALINA;271;Pullover;CASALINA;4701;4;100829||470100000000;https://cdn.jooraccess.com/img/uploads/accounts/598756/images/VC4o4hYqTDW5NZCDHuXK7g_3560017756a56352826b861_01180805_03040130XX1.jpg;https://127-foto.netlify.app/287.jpg;CASALINA 4701(179);;;;
8;179;AVOLA         A;179AVOLA         A;271;Bermuda;AVOLA         A;979;5;544633||97900000000;https://cdn.jooraccess.com/img/uploads/accounts/598756/images/cKrimcpxSYW8xYVdpjMARw_14406519836a5634d761d7b7_50207026_02990320XX1.jpg;https://127-foto.netlify.app/287.jpg;AVOLA         A 979(179);;;;
8;179;RIPOLI;179RIPOLI;271;Foulard;RIPOLI;4701;99;544153||470100000000;https://cdn.jooraccess.com/img/uploads/accounts/598756/images/tiC91K0lTbql7mkjSxiSyg_21176823196a564342223210_65141380_03050690XX1.jpg;https://127-foto.netlify.app/287.jpg;RIPOLI 4701(179);;;;
8;179;IAPIGE;179IAPIGE;271;Borsa;IAPIGE;2339 0002;99;544272||233900020000;https://cdn.jooraccess.com/img/uploads/accounts/598756/images/cvf7J-0iQ4ecP4xpRAXFnA_4276540736a1453282dde79_10220699_02970160XX1.jpg;https://127-foto.netlify.app/287.jpg;IAPIGE 2339 0002(179);;;;
8;179;NIOLO;179NIOLO;271;Orecchino;NIOLO;0906 0002;99;544359||90600020000;https://cdn.jooraccess.com/img/uploads/accounts/598756/images/1-xs-rz7TtebHsiXxYKdJQ_2417545486a14533026e528_13948233_02970720XX1.jpg;https://127-foto.netlify.app/287.jpg;NIOLO 0906 0002(179);;;;
8;179;NEMBO;179NEMBO;271;Bracciale;NEMBO;2;99;544362||200000000;https://cdn.jooraccess.com/img/uploads/accounts/598756/images/xLITR-bmTpifPcpfySI7HA_11425679496a14532a752617_68673182_02970400XX1.jpg;https://127-foto.netlify.app/287.jpg;NEMBO 2(179);;;;
8;179;UMBERINO      A;179UMBERINO      A;271;Calzature;UMBERINO      A;2339;99;544464||233900000000;https://cdn.jooraccess.com/img/uploads/accounts/598756/images/BzP2Kd-kRe-WbaI2eUQcgQ_10356781886a145333bffbe9_96445397_02971220XX1.jpg;https://127-foto.netlify.app/287.jpg;UMBERINO      A 2339(179);;;;
2;180;CABLATO;180CABLATO;271;Abito;CABLATO;934;7;100789||93400000000;https://cdn.jooraccess.com/img/uploads/accounts/598756/images/1YfWPrQIS9Gp82fYSuHqsw_4445098486a5635229756f3_78150140_03040020XX1.jpg;https://127-foto.netlify.app/233.jpg;CABLATO 934(180);;;;
2;180;IAPIGE;180IAPIGE;271;Borsa;IAPIGE;2264 0002;99;544272||226400020000;https://cdn.jooraccess.com/img/uploads/accounts/598756/images/zJZAly2zQS-u2eAs4ykTOg_16970615336a145327b51567_35646153_02970150XX1.jpg;https://127-foto.netlify.app/233.jpg;IAPIGE 2264 0002(180);;;;
2;180;NEMBO;180NEMBO;271;Bracciale;NEMBO;2;99;544362||200000000;https://cdn.jooraccess.com/img/uploads/accounts/598756/images/xLITR-bmTpifPcpfySI7HA_11425679496a14532a752617_68673182_02970400XX1.jpg;https://127-foto.netlify.app/233.jpg;NEMBO 2(180);;;;
2;180;UBINO;180UBINO;271;Calzature;UBINO;0941 0906;99;544524||94109060000;https://cdn.jooraccess.com/img/uploads/accounts/598756/images/pZjxYzakS2alqdDJaK96TA_16027437726a5643450d69d9_68998738_03050750XX1.jpg;https://127-foto.netlify.app/233.jpg;UBINO 0941 0906(180);;;;
2;180;DENARI        A;180DENARI        A;271;Cintura;DENARI        A;1190 2243 0002;99;544527||119022430002;https://cdn.jooraccess.com/img/uploads/accounts/598756/images/5LbhtGMVSC-QEg4WY3qaGw_15407108866a56432ccf3923_24458432_03050080XX1.jpg;https://127-foto.netlify.app/233.jpg;DENARI        A 1190 2243 0002(180);;;;
8;181;PAIS;181PAIS;271;Abito;PAIS;4709;7;544244||470900000000;https://cdn.jooraccess.com/img/uploads/accounts/598756/images/rVwkUJaMTEW4xA3H50ucBQ_14109849446a5634eba0ad14_06931931_03010050XX1.jpg;https://127-foto.netlify.app/219.jpg;PAIS 4709(181);;;;
8;181;NEMBO;181NEMBO;271;Bracciale;NEMBO;2;99;544362||200000000;https://cdn.jooraccess.com/img/uploads/accounts/598756/images/xLITR-bmTpifPcpfySI7HA_11425679496a14532a752617_68673182_02970400XX1.jpg;https://127-foto.netlify.app/219.jpg;NEMBO 2(181);;;;
8;181;ULLANO        B;181ULLANO        B;271;Calzature;ULLANO        B;49;99;544483||4900000000;https://cdn.jooraccess.com/img/uploads/accounts/598756/images/LFbr3MrZRrm_GbSwCPZkhA_20851971266a564345dfd0b4_67912225_03050770XX1.jpg;https://127-foto.netlify.app/219.jpg;ULLANO        B 49(181);;;;
8;182;PLAIA;182PLAIA;271;Abito;PLAIA;2251;7;544512||225100000000;https://cdn.jooraccess.com/img/uploads/accounts/598756/images/V95EpmYQSdekqBqYq3n0HQ_2203402396a5634f3884363_22632657_03010210XX1.jpg;https://127-foto.netlify.app/279.jpg;PLAIA 2251(182);;;;
8;182;NOMAGLIO      C;182NOMAGLIO      C;271;Bracciale;NOMAGLIO      C;0903 1507 0002;99;544242||90315070002;https://cdn.jooraccess.com/img/uploads/accounts/598756/images/1L6tlfjKQ7y08YEgiUwcYQ_16376100936a1453394e2a43_07744812_02971350XX1.jpg;https://127-foto.netlify.app/279.jpg;NOMAGLIO      C 0903 1507 0002(182);;;;
8;182;IMPARI;182IMPARI;271;Borsa;IMPARI;0943 3574 0002;99;544328||94335740002;https://cdn.jooraccess.com/img/uploads/accounts/598756/images/xAY7WiCeSNif-QACtjyfaA_12851178906a5643342a6438_10784813_03050310XX1.jpg;https://127-foto.netlify.app/279.jpg;IMPARI 0943 3574 0002(182);;;;
8;182;UBINO;182UBINO;271;Calzature;UBINO;0941 0906;99;544524||94109060000;https://cdn.jooraccess.com/img/uploads/accounts/598756/images/pZjxYzakS2alqdDJaK96TA_16027437726a5643450d69d9_68998738_03050750XX1.jpg;https://127-foto.netlify.app/279.jpg;UBINO 0941 0906(182);;;;
8;183;CIRCOLETTO;183CIRCOLETTO;271;Pullover;CIRCOLETTO;2840;4;100827||284000000000;https://cdn.jooraccess.com/img/uploads/accounts/598756/images/O6NA_Vi4QsWHcgJeQjUWyg_3875197886a56352fe5c709_67051461_03040270XX1.jpg;https://127-foto.netlify.app/218.jpg;CIRCOLETTO 2840(183);;;;
8;183;AVOLA         A;183AVOLA         A;271;Bermuda;AVOLA         A;979;5;544633||97900000000;https://cdn.jooraccess.com/img/uploads/accounts/598756/images/cKrimcpxSYW8xYVdpjMARw_14406519836a5634d761d7b7_50207026_02990320XX1.jpg;https://127-foto.netlify.app/218.jpg;AVOLA         A 979(183);;;;
8;183;XAURORA;183XAURORA;271;Occhiali Sole;XAURORA;0101 0002;99;544317||10100020000;https://cdn.jooraccess.com/img/uploads/accounts/598756/images/fnyk7LQdQ4qYb5fy9yk4Iw_6977136496a145336c0ca77_10334535_02971290XX1.jpg;https://127-foto.netlify.app/218.jpg;XAURORA 0101 0002(183);;;;
8;183;NONA;183NONA;271;Bracciale;NONA;2;99;544361||200000000;https://cdn.jooraccess.com/img/uploads/accounts/598756/images/NCVbcOEzTZ-NyeviAg7xyQ_15946604066a14533a4d6852_60896697_02971370XX4.jpg;https://127-foto.netlify.app/218.jpg;NONA 2(183);;;;
8;183;USCITA;183USCITA;271;Calzature;USCITA;2264 2264;99;544431||226422640000;#N/D;https://127-foto.netlify.app/218.jpg;USCITA 2264 2264(183);;;;
8;183;IMPERATA;183IMPERATA;271;Borsa;IMPERATA;1174 2264 0002;99;544433||117422640002;https://cdn.jooraccess.com/img/uploads/accounts/598756/images/Pj2SRbtfRqCKR0Mxwii2bw_8265263486a56433527aa88_71522837_03050330XX1.jpg;https://127-foto.netlify.app/218.jpg;IMPERATA 1174 2264 0002(183);;;;
1;184;CIRCONDARIO;184CIRCONDARIO;271;Pullover;CIRCONDARIO;2263;4;100826||226300000000;https://cdn.jooraccess.com/img/uploads/accounts/598756/images/BaYEyEMATIyoWsPhhnxTsw_17414040106a563532039904_69648471_03040300XX1.jpg;https://127-foto.netlify.app/166.jpg;CIRCONDARIO 2263(184);;;;
1;184;ATONALE;184ATONALE;271;Pantalone;ATONALE;1696;5;544576||169600000000;https://cdn.jooraccess.com/img/uploads/accounts/598756/images/Y7iPjGsGRBC11BkyJcz7-Q_14127318676a5634d57868b8_92879627_02990280XX1.jpg;https://127-foto.netlify.app/166.jpg;ATONALE 1696(184);;;;
1;184;IMMENSITA;184IMMENSITA;271;Borsa;IMMENSITA;2246 0002;99;544205||224600020000;https://cdn.jooraccess.com/img/uploads/accounts/598756/images/GyNmCeSMTxKqyvDYn3C1FA_5201397756a564332cfa872_94624443_03050280XX1.jpg;https://127-foto.netlify.app/166.jpg;IMMENSITA 2246 0002(184);;;;
1;184;NUTRIENTE;184NUTRIENTE;271;Collana;NUTRIENTE;1531 0002;99;544260||153100020000;https://cdn.jooraccess.com/img/uploads/accounts/598756/images/vjw0U7GXRSeCZVt-Yg07vA_16975754386a1450d4770ef9_09843333_02970920XX1.jpg;https://127-foto.netlify.app/166.jpg;NUTRIENTE 1531 0002(184);;;;
1;184;NOIR;184NOIR;271;Collana;NOIR;0002 0007;99;544276||200070000;https://cdn.jooraccess.com/img/uploads/accounts/598756/images/RUZ1sOaNTcOwm5u3RIeOrA_14344675876a56433e1e6fd8_50060159_03050530XX1.jpg;https://127-foto.netlify.app/166.jpg;NOIR 0002 0007(184);;;;
1;184;NONA;184NONA;271;Bracciale;NONA;2;99;544361||200000000;https://cdn.jooraccess.com/img/uploads/accounts/598756/images/NCVbcOEzTZ-NyeviAg7xyQ_15946604066a14533a4d6852_60896697_02971370XX4.jpg;https://127-foto.netlify.app/166.jpg;NONA 2(184);;;;
1;184;USCITA;184USCITA;271;Calzature;USCITA;2264 2264;99;544431||226422640000;#N/D;https://127-foto.netlify.app/166.jpg;USCITA 2264 2264(184);;;;
;185;VELA;185VELA;271;Giacca;VELA;967;1;544046||96700000000;https://cdn.jooraccess.com/img/uploads/accounts/598756/images/PZXcb4jBSMG2vEOrGo2LLw_2422790046a563519e5fea6_80407189_03030040XX1.jpg;https://127-foto.netlify.app/163.jpg;VELA 967(185);;;;
;185;ARTEMISIA;185ARTEMISIA;271;Pantalone;ARTEMISIA;967;5;544501||96700000000;https://cdn.jooraccess.com/img/uploads/accounts/598756/images/0F-vYrKYRGqqA6J_cBp_DQ_20488133736a5634d0211139_36228012_02990180XX1.jpg;https://127-foto.netlify.app/163.jpg;ARTEMISIA 967(185);;;;
;185;NILVANGE;185NILVANGE;271;Collana;NILVANGE;2266 0002;99;544246||226600020000;https://cdn.jooraccess.com/img/uploads/accounts/598756/images/cziJ_NyoSJOQhmH2Vd2S9A_3224662416a56433906e843_46721338_03050420XX1.jpg;https://127-foto.netlify.app/163.jpg;NILVANGE 2266 0002(185);;;;
;185;NOMINE;185NOMINE;271;Collana;NOMINE;2;99;544269||200000000;https://cdn.jooraccess.com/img/uploads/accounts/598756/images/zWF_wa-RRkCtIZillbBHsg_18686290266a145339dceb21_18147814_02971360XX1-2.jpg;https://127-foto.netlify.app/163.jpg;NOMINE 2(185);;;;
;185;IMPARI;185IMPARI;271;Borsa;IMPARI;0943 3574 0002;99;544328||94335740002;https://cdn.jooraccess.com/img/uploads/accounts/598756/images/xAY7WiCeSNif-QACtjyfaA_12851178906a5643342a6438_10784813_03050310XX1.jpg;https://127-foto.netlify.app/163.jpg;IMPARI 0943 3574 0002(185);;;;
;185;NEMBO;185NEMBO;271;Bracciale;NEMBO;2;99;544362||200000000;https://cdn.jooraccess.com/img/uploads/accounts/598756/images/xLITR-bmTpifPcpfySI7HA_11425679496a14532a752617_68673182_02970400XX1.jpg;https://127-foto.netlify.app/163.jpg;NEMBO 2(185);;;;
;185;UBINO;185UBINO;271;Calzature;UBINO;0941 0906;99;544524||94109060000;https://cdn.jooraccess.com/img/uploads/accounts/598756/images/pZjxYzakS2alqdDJaK96TA_16027437726a5643450d69d9_68998738_03050750XX1.jpg;https://127-foto.netlify.app/163.jpg;UBINO 0941 0906(185);;;;
1;186;PALMIRA;186PALMIRA;271;Abito;PALMIRA;1696;7;544539||169600000000;https://cdn.jooraccess.com/img/uploads/accounts/598756/images/JNd93cScQ7mSOlmMghsQjA_7445106526a5634ed8b7a65_96010700_03010090XX1.jpg;https://127-foto.netlify.app/250.jpg;PALMIRA 1696(186);;;;
1;186;IMMENSITA;186IMMENSITA;271;Borsa;IMMENSITA;2246 0002;99;544205||224600020000;https://cdn.jooraccess.com/img/uploads/accounts/598756/images/GyNmCeSMTxKqyvDYn3C1FA_5201397756a564332cfa872_94624443_03050280XX1.jpg;https://127-foto.netlify.app/250.jpg;IMMENSITA 2246 0002(186);;;;
1;186;NEMBO;186NEMBO;271;Bracciale;NEMBO;2;99;544362||200000000;https://cdn.jooraccess.com/img/uploads/accounts/598756/images/xLITR-bmTpifPcpfySI7HA_11425679496a14532a752617_68673182_02970400XX1.jpg;https://127-foto.netlify.app/250.jpg;NEMBO 2(186);;;;
1;186;USCITA;186USCITA;271;Calzature;USCITA;2264 2264;99;544431||226422640000;#N/D;https://127-foto.netlify.app/250.jpg;USCITA 2264 2264(186);;;;
1;186;NEVIGLIE;186NEVIGLIE;271;Orecchino;NEVIGLIE;0574 0927 0002;99;544457||57409270002;https://cdn.jooraccess.com/img/uploads/accounts/598756/images/K3ZDNI-eRU-cv2BQEK5HtQ_19105815366a145340d5b679_49273593_02971610XX1.jpg;https://127-foto.netlify.app/250.jpg;NEVIGLIE 0574 0927 0002(186);;;;
1;186;DENARI        A;186DENARI        A;271;Cintura;DENARI        A;1190 2243 0002;99;544527||119022430002;https://cdn.jooraccess.com/img/uploads/accounts/598756/images/5LbhtGMVSC-QEg4WY3qaGw_15407108866a56432ccf3923_24458432_03050080XX1.jpg;https://127-foto.netlify.app/250.jpg;DENARI        A 1190 2243 0002(186);;;;
1;187;VELA;187VELA;271;Giacca;VELA;967;1;544046||96700000000;https://cdn.jooraccess.com/img/uploads/accounts/598756/images/PZXcb4jBSMG2vEOrGo2LLw_2422790046a563519e5fea6_80407189_03030040XX1.jpg;https://127-foto.netlify.app/162.jpg;VELA 967(187);;;;
1;187;TAVOLOZZA;187TAVOLOZZA;271;Gonna;TAVOLOZZA;967;6;544532||96700000000;https://cdn.jooraccess.com/img/uploads/accounts/598756/images/QJlJWDbbSniaUmWcGge6qQ_20546205636a56351739ab41_62983271_03020090XX1.jpg;https://127-foto.netlify.app/162.jpg;TAVOLOZZA 967(187);;;;
1;187;NOMINE;187NOMINE;271;Collana;NOMINE;2;99;544269||200000000;https://cdn.jooraccess.com/img/uploads/accounts/598756/images/zWF_wa-RRkCtIZillbBHsg_18686290266a145339dceb21_18147814_02971360XX1-2.jpg;https://127-foto.netlify.app/162.jpg;NOMINE 2(187);;;;
1;187;NONCHE;187NONCHE;271;Orecchino;NONCHE;0987 0002;99;544277||98700020000;https://cdn.jooraccess.com/img/uploads/accounts/598756/images/pm-ypkqpRfSdX_lwmDdGGg_21397869676a14533b115a22_20344486_02971390XX1.jpg;https://127-foto.netlify.app/162.jpg;NONCHE 0987 0002(187);;;;
1;187;IMPARI;187IMPARI;271;Borsa;IMPARI;0943 3574 0002;99;544328||94335740002;https://cdn.jooraccess.com/img/uploads/accounts/598756/images/xAY7WiCeSNif-QACtjyfaA_12851178906a5643342a6438_10784813_03050310XX1.jpg;https://127-foto.netlify.app/162.jpg;IMPARI 0943 3574 0002(187);;;;
1;187;NEMBO;187NEMBO;271;Bracciale;NEMBO;2;99;544362||200000000;https://cdn.jooraccess.com/img/uploads/accounts/598756/images/xLITR-bmTpifPcpfySI7HA_11425679496a14532a752617_68673182_02970400XX1.jpg;https://127-foto.netlify.app/162.jpg;NEMBO 2(187);;;;
1;187;UBINO;187UBINO;271;Calzature;UBINO;0941 0906;99;544524||94109060000;https://cdn.jooraccess.com/img/uploads/accounts/598756/images/pZjxYzakS2alqdDJaK96TA_16027437726a5643450d69d9_68998738_03050750XX1.jpg;https://127-foto.netlify.app/162.jpg;UBINO 0941 0906(187);;;;
1;188;VERITIERO;188VERITIERO;271;Giacca;VERITIERO;1696;1;544063||169600000000;https://cdn.jooraccess.com/img/uploads/accounts/598756/images/V8Z9OHnmSgWUxiJGdadGPA_20284029136a56351c502e37_36109473_03030080XX1.jpg;https://127-foto.netlify.app/167.jpg;VERITIERO 1696(188);;;;
1;188;BATIDE;188BATIDE;271;Camicia;BATIDE;3385;2;544530||338500000000;https://cdn.jooraccess.com/img/uploads/accounts/598756/images/3HnP7TwTSnuIzA1TtJmcJQ_14127153276a5634df704ac0_24027177_03000180XX1.jpg;https://127-foto.netlify.app/167.jpg;BATIDE 3385(188);;;;
1;188;ATONALE;188ATONALE;271;Pantalone;ATONALE;1696;5;544576||169600000000;https://cdn.jooraccess.com/img/uploads/accounts/598756/images/Y7iPjGsGRBC11BkyJcz7-Q_14127318676a5634d57868b8_92879627_02990280XX1.jpg;https://127-foto.netlify.app/167.jpg;ATONALE 1696(188);;;;
1;188;IAPIGE;188IAPIGE;271;Borsa;IAPIGE;2264 0002;99;544272||226400020000;https://cdn.jooraccess.com/img/uploads/accounts/598756/images/zJZAly2zQS-u2eAs4ykTOg_16970615336a145327b51567_35646153_02970150XX1.jpg;https://127-foto.netlify.app/167.jpg;IAPIGE 2264 0002(188);;;;
1;188;NONCHE;188NONCHE;271;Orecchino;NONCHE;0987 0002;99;544277||98700020000;https://cdn.jooraccess.com/img/uploads/accounts/598756/images/pm-ypkqpRfSdX_lwmDdGGg_21397869676a14533b115a22_20344486_02971390XX1.jpg;https://127-foto.netlify.app/167.jpg;NONCHE 0987 0002(188);;;;
1;188;NERVINO;188NERVINO;271;Spilla;NERVINO;2;99;544280||200000000;https://cdn.jooraccess.com/img/uploads/accounts/598756/images/YcL80-XURr2okSTWkki-Zg_6384356166a14532c0c0878_17482258_02970460XX1.jpg;https://127-foto.netlify.app/167.jpg;NERVINO 2(188);;;;
1;188;USCITA;188USCITA;271;Calzature;USCITA;2264 2264;99;544431||226422640000;#N/D;https://127-foto.netlify.app/167.jpg;USCITA 2264 2264(188);;;;
1;189;CLARICE;189CLARICE;271;Giacca;CLARICE;3921;1;100803||392100000000;https://cdn.jooraccess.com/img/uploads/accounts/598756/images/sUvYwTFdQRCUQ3umt2C-QQ_2745299256a5635333c8458_56211463_03040320XX1.jpg;https://127-foto.netlify.app/164.jpg;CLARICE 3921(189);;;;
1;189;ARTEMISIA;189ARTEMISIA;271;Pantalone;ARTEMISIA;967;5;544501||96700000000;https://cdn.jooraccess.com/img/uploads/accounts/598756/images/0F-vYrKYRGqqA6J_cBp_DQ_20488133736a5634d0211139_36228012_02990180XX1.jpg;https://127-foto.netlify.app/164.jpg;ARTEMISIA 967(189);;;;
1;189;NILVANGE;189NILVANGE;271;Collana;NILVANGE;2266 0002;99;544246||226600020000;https://cdn.jooraccess.com/img/uploads/accounts/598756/images/cziJ_NyoSJOQhmH2Vd2S9A_3224662416a56433906e843_46721338_03050420XX1.jpg;https://127-foto.netlify.app/164.jpg;NILVANGE 2266 0002(189);;;;
1;189;IMPARI;189IMPARI;271;Borsa;IMPARI;0943 3574 0002;99;544328||94335740002;https://cdn.jooraccess.com/img/uploads/accounts/598756/images/xAY7WiCeSNif-QACtjyfaA_12851178906a5643342a6438_10784813_03050310XX1.jpg;https://127-foto.netlify.app/164.jpg;IMPARI 0943 3574 0002(189);;;;
1;189;NEMBO;189NEMBO;271;Bracciale;NEMBO;2;99;544362||200000000;https://cdn.jooraccess.com/img/uploads/accounts/598756/images/xLITR-bmTpifPcpfySI7HA_11425679496a14532a752617_68673182_02970400XX1.jpg;https://127-foto.netlify.app/164.jpg;NEMBO 2(189);;;;
1;189;NEVIGLIE;189NEVIGLIE;271;Orecchino;NEVIGLIE;0574 0927 0002;99;544457||57409270002;https://cdn.jooraccess.com/img/uploads/accounts/598756/images/K3ZDNI-eRU-cv2BQEK5HtQ_19105815366a145340d5b679_49273593_02971610XX1.jpg;https://127-foto.netlify.app/164.jpg;NEVIGLIE 0574 0927 0002(189);;;;
1;189;UBINO;189UBINO;271;Calzature;UBINO;0941 0906;99;544524||94109060000;https://cdn.jooraccess.com/img/uploads/accounts/598756/images/pZjxYzakS2alqdDJaK96TA_16027437726a5643450d69d9_68998738_03050750XX1.jpg;https://127-foto.netlify.app/164.jpg;UBINO 0941 0906(189);;;;
2;190;CABRERA;190CABRERA;271;Pullover;CABRERA;1920;4;100840||192000000000;https://cdn.jooraccess.com/img/uploads/accounts/598756/images/hMSc2TokT3CkSM9KYlSNgA_16366258616a563524eefe27_28650803_03040060XX1.jpg;https://127-foto.netlify.app/179.jpg;CABRERA 1920(190);;;;
2;190;TAFFY;190TAFFY;271;Gonna;TAFFY;3545;6;544516||354500000000;https://cdn.jooraccess.com/img/uploads/accounts/598756/images/jJjahU2CSHeRp2dsGREn_g_7118491606a56351372af31_92266810_03020010XX1.jpg;https://127-foto.netlify.app/179.jpg;TAFFY 3545(190);;;;
2;190;NOMAGLIO      C;190NOMAGLIO      C;271;Bracciale;NOMAGLIO      C;0903 1507 0002;99;544242||90315070002;https://cdn.jooraccess.com/img/uploads/accounts/598756/images/1L6tlfjKQ7y08YEgiUwcYQ_16376100936a1453394e2a43_07744812_02971350XX1.jpg;https://127-foto.netlify.app/179.jpg;NOMAGLIO      C 0903 1507 0002(190);;;;
2;190;NEFERITE;190NEFERITE;271;Collana;NEFERITE;0987 0095;99;544408||98700950000;https://cdn.jooraccess.com/img/uploads/accounts/598756/images/pU8hIlQtSRK7NfC-DfegTQ_20922923456a1450ce90ca35_58812103_02970390XX1.jpg;https://127-foto.netlify.app/179.jpg;NEFERITE 0987 0095(190);;;;
2;190;NEVISCHIO     A;190NEVISCHIO     A;271;Orecchino;NEVISCHIO     A;2;99;544429||200000000;https://cdn.jooraccess.com/img/uploads/accounts/598756/images/DQWAE_vBS7i1YR1OzJeDhw_21086673106a1453421044e4_96117532_02971630XX1.jpg;https://127-foto.netlify.app/179.jpg;NEVISCHIO     A 2(190);;;;
2;190;UBINO;190UBINO;271;Calzature;UBINO;0941 0906;99;544524||94109060000;https://cdn.jooraccess.com/img/uploads/accounts/598756/images/pZjxYzakS2alqdDJaK96TA_16027437726a5643450d69d9_68998738_03050750XX1.jpg;https://127-foto.netlify.app/179.jpg;UBINO 0941 0906(190);;;;
2;191;CINZIANA;191CINZIANA;271;Pullover;CINZIANA;934;4;100839||93400000000;https://cdn.jooraccess.com/img/uploads/accounts/598756/images/njVuYdS-SE6ZGj0p8tqCgA_1450238086a56352e2355a6_84366767_03040240XX1.jpg;https://127-foto.netlify.app/274.jpg;CINZIANA 934(191);;;;
2;191;ADRIA;191ADRIA;271;Pantalone;ADRIA;979;5;544340||97900000000;https://cdn.jooraccess.com/img/uploads/accounts/598756/images/0YnfvNgTRAumCNxwmIcU8A_10529249146a1452395a5a09_45185457_02900420XX1.jpg;https://127-foto.netlify.app/274.jpg;ADRIA 979(191);;;;
2;191;NOMAGLIO      C;191NOMAGLIO      C;271;Bracciale;NOMAGLIO      C;0987 0212 0002;99;544242||98702120002;https://cdn.jooraccess.com/img/uploads/accounts/598756/images/o4el4WDST_GAnO-UD8TmTw_4020636746a145338e3be47_39681256_02971340XX1.jpg;https://127-foto.netlify.app/274.jpg;NOMAGLIO      C 0987 0212 0002(191);;;;
2;191;NOMINE;191NOMINE;271;Collana;NOMINE;2;99;544269||200000000;https://cdn.jooraccess.com/img/uploads/accounts/598756/images/zWF_wa-RRkCtIZillbBHsg_18686290266a145339dceb21_18147814_02971360XX1-2.jpg;https://127-foto.netlify.app/274.jpg;NOMINE 2(191);;;;
2;191;IAPIGE;191IAPIGE;271;Borsa;IAPIGE;2264 0002;99;544272||226400020000;https://cdn.jooraccess.com/img/uploads/accounts/598756/images/zJZAly2zQS-u2eAs4ykTOg_16970615336a145327b51567_35646153_02970150XX1.jpg;https://127-foto.netlify.app/274.jpg;IAPIGE 2264 0002(191);;;;
2;191;NEVIGLIE;191NEVIGLIE;271;Orecchino;NEVIGLIE;0212 0987 0002;99;544457||21209870002;https://cdn.jooraccess.com/img/uploads/accounts/598756/images/pBWomEtORpmttUyUZ8p8EQ_3710773156a1453417183e8_17218047_02971620XX1.jpg;https://127-foto.netlify.app/274.jpg;NEVIGLIE 0212 0987 0002(191);;;;
2;191;UBINO;191UBINO;271;Calzature;UBINO;0941 0906;99;544524||94109060000;https://cdn.jooraccess.com/img/uploads/accounts/598756/images/pZjxYzakS2alqdDJaK96TA_16027437726a5643450d69d9_68998738_03050750XX1.jpg;https://127-foto.netlify.app/274.jpg;UBINO 0941 0906(191);;;;
2;192;PUEBLO;192PUEBLO;271;Abito;PUEBLO;1906;7;544511||190600000000;https://cdn.jooraccess.com/img/uploads/accounts/598756/images/-dW_NasbQTOBSJQwlp7Atg_21079298966a5634fb362f13_16151366_03010360XX1.jpg;https://127-foto.netlify.app/180.jpg;PUEBLO 1906(192);;;;
2;192;NOMAGLIO      C;192NOMAGLIO      C;271;Bracciale;NOMAGLIO      C;0903 1507 0002;99;544242||90315070002;https://cdn.jooraccess.com/img/uploads/accounts/598756/images/1L6tlfjKQ7y08YEgiUwcYQ_16376100936a1453394e2a43_07744812_02971350XX1.jpg;https://127-foto.netlify.app/180.jpg;NOMAGLIO      C 0903 1507 0002(192);;;;
2;192;IMPARI;192IMPARI;271;Borsa;IMPARI;0943 3574 0002;99;544328||94335740002;https://cdn.jooraccess.com/img/uploads/accounts/598756/images/xAY7WiCeSNif-QACtjyfaA_12851178906a5643342a6438_10784813_03050310XX1.jpg;https://127-foto.netlify.app/180.jpg;IMPARI 0943 3574 0002(192);;;;
2;192;NIOLO;192NIOLO;271;Orecchino;NIOLO;0906 0002;99;544359||90600020000;https://cdn.jooraccess.com/img/uploads/accounts/598756/images/1-xs-rz7TtebHsiXxYKdJQ_2417545486a14533026e528_13948233_02970720XX1.jpg;https://127-foto.netlify.app/180.jpg;NIOLO 0906 0002(192);;;;
2;192;UBINO;192UBINO;271;Calzature;UBINO;0941 0906;99;544524||94109060000;https://cdn.jooraccess.com/img/uploads/accounts/598756/images/pZjxYzakS2alqdDJaK96TA_16027437726a5643450d69d9_68998738_03050750XX1.jpg;https://127-foto.netlify.app/180.jpg;UBINO 0941 0906(192);;;;
2;192;DENARI        A;192DENARI        A;271;Cintura;DENARI        A;1190 2243 0002;99;544527||119022430002;https://cdn.jooraccess.com/img/uploads/accounts/598756/images/5LbhtGMVSC-QEg4WY3qaGw_15407108866a56432ccf3923_24458432_03050080XX1.jpg;https://127-foto.netlify.app/180.jpg;DENARI        A 1190 2243 0002(192);;;;
2;193;PUNTINO;193PUNTINO;271;Abito;PUNTINO;2334;7;544254||233400000000;https://cdn.jooraccess.com/img/uploads/accounts/598756/images/RwbxMz0fT1GuBtDgxLS1QA_10521605336a563511e459f2_65786273_03010370XX1.jpg;https://127-foto.netlify.app/290.jpg;PUNTINO 2334(193);;;;
2;193;RADENTE;193RADENTE;271;Foulard;RADENTE;3570;99;544151||357000000000;0;https://127-foto.netlify.app/290.jpg;RADENTE 3570(193);;;;
2;193;IAPIGE;193IAPIGE;271;Borsa;IAPIGE;2264 0002;99;544272||226400020000;https://cdn.jooraccess.com/img/uploads/accounts/598756/images/zJZAly2zQS-u2eAs4ykTOg_16970615336a145327b51567_35646153_02970150XX1.jpg;https://127-foto.netlify.app/290.jpg;IAPIGE 2264 0002(193);;;;
2;193;XGINEVRA;193XGINEVRA;271;Occhiali Sole;XGINEVRA;0064 0002;99;544316||6400020000;https://cdn.jooraccess.com/img/uploads/accounts/598756/images/JUqyozM8RJqnlDKzvmKj-g_19960329086a5643482974f2_64305282_03050820XX1.jpg;https://127-foto.netlify.app/290.jpg;XGINEVRA 0064 0002(193);;;;
2;193;USCITA;193USCITA;271;Calzature;USCITA;2264 2264;99;544431||226422640000;#N/D;https://127-foto.netlify.app/290.jpg;USCITA 2264 2264(193);;;;
2;194;VADIANA;194VADIANA;271;Giacca;VADIANA;2298;1;544195||229800000000;https://cdn.jooraccess.com/img/uploads/accounts/598756/images/F2N4RZVnReqf0NzojoOKOg_15351813826a563518ca92d3_85603265_03030020XX1.jpg;https://127-foto.netlify.app/294.jpg;VADIANA 2298(194);;;;
2;194;ABANTE;194ABANTE;271;Pantalone;ABANTE;2298;5;544497||229800000000;https://cdn.jooraccess.com/img/uploads/accounts/598756/images/6EGCga9qSHC2pJBzg9pgLw_20814815956a5634c9479f53_97783016_02990040XX1.jpg;https://127-foto.netlify.app/294.jpg;ABANTE 2298(194);;;;
2;194;IAPIGE;194IAPIGE;271;Borsa;IAPIGE;2264 0002;99;544272||226400020000;https://cdn.jooraccess.com/img/uploads/accounts/598756/images/zJZAly2zQS-u2eAs4ykTOg_16970615336a145327b51567_35646153_02970150XX1.jpg;https://127-foto.netlify.app/294.jpg;IAPIGE 2264 0002(194);;;;
2;194;XAURORA;194XAURORA;271;Occhiali Sole;XAURORA;0101 0002;99;544317||10100020000;https://cdn.jooraccess.com/img/uploads/accounts/598756/images/fnyk7LQdQ4qYb5fy9yk4Iw_6977136496a145336c0ca77_10334535_02971290XX1.jpg;https://127-foto.netlify.app/294.jpg;XAURORA 0101 0002(194);;;;
2;194;NEMBO;194NEMBO;271;Bracciale;NEMBO;2;99;544362||200000000;https://cdn.jooraccess.com/img/uploads/accounts/598756/images/xLITR-bmTpifPcpfySI7HA_11425679496a14532a752617_68673182_02970400XX1.jpg;https://127-foto.netlify.app/294.jpg;NEMBO 2(194);;;;
2;194;NEVISCHIO     A;194NEVISCHIO     A;271;Orecchino;NEVISCHIO     A;2;99;544429||200000000;https://cdn.jooraccess.com/img/uploads/accounts/598756/images/DQWAE_vBS7i1YR1OzJeDhw_21086673106a1453421044e4_96117532_02971630XX1.jpg;https://127-foto.netlify.app/294.jpg;NEVISCHIO     A 2(194);;;;
2;194;USCITA;194USCITA;271;Calzature;USCITA;2264 2264;99;544431||226422640000;#N/D;https://127-foto.netlify.app/294.jpg;USCITA 2264 2264(194);;;;
13;195;VELA;195VELA;271;Giacca;VELA;1280;1;544046||128000000000;https://cdn.jooraccess.com/img/uploads/accounts/598756/images/MPItbY0aTJ-0bjMy6mJBvg_16157024736a56351a854496_20333856_03030050XX1.jpg;https://127-foto.netlify.app/283.jpg;VELA 1280(195);;;;
13;195;TAVOLOZZA;195TAVOLOZZA;271;Gonna;TAVOLOZZA;1280;6;544532||128000000000;https://cdn.jooraccess.com/img/uploads/accounts/598756/images/ioagCuPmRjS5ny7bu0ObFA_20187147046a563517c4c778_31373622_03020100XX1.jpg;https://127-foto.netlify.app/283.jpg;TAVOLOZZA 1280(195);;;;
13;195;NOMINE;195NOMINE;271;Collana;NOMINE;2;99;544269||200000000;https://cdn.jooraccess.com/img/uploads/accounts/598756/images/zWF_wa-RRkCtIZillbBHsg_18686290266a145339dceb21_18147814_02971360XX1-2.jpg;https://127-foto.netlify.app/283.jpg;NOMINE 2(195);;;;
13;195;NONA;195NONA;271;Bracciale;NONA;2;99;544361||200000000;https://cdn.jooraccess.com/img/uploads/accounts/598756/images/NCVbcOEzTZ-NyeviAg7xyQ_15946604066a14533a4d6852_60896697_02971370XX4.jpg;https://127-foto.netlify.app/283.jpg;NONA 2(195);;;;
13;195;ULLANO        B;195ULLANO        B;271;Calzature;ULLANO        B;49;99;544483||4900000000;https://cdn.jooraccess.com/img/uploads/accounts/598756/images/LFbr3MrZRrm_GbSwCPZkhA_20851971266a564345dfd0b4_67912225_03050770XX1.jpg;https://127-foto.netlify.app/283.jpg;ULLANO        B 49(195);;;;
13;195;ILLASI        B;195ILLASI        B;271;Borsa;ILLASI        B;1290 0002;99;544637||129000020000;https://cdn.jooraccess.com/img/uploads/accounts/598756/images/ILLASIA_129000020000 (1).jpg;https://127-foto.netlify.app/283.jpg;ILLASI        B 1290 0002(195);;;;
13;196;BARREL;196BARREL;271;Camicia;BARREL;4718;2;544493||471800000000;https://cdn.jooraccess.com/img/uploads/accounts/598756/images/E1EKFmmYRMaIeopysC-u0Q_12086965056a5634ddecada0_22360767_03000150XX1.jpg;https://127-foto.netlify.app/188.jpg;BARREL 4718(196);;;;
13;196;ADELAIDA;196ADELAIDA;271;Pantalone;ADELAIDA;1212;5;544517||121200000000;https://cdn.jooraccess.com/img/uploads/accounts/598756/images/1ECTKlhCQJy5vIURELr_uw_8057813916a5634cab2f056_64982069_02990070XX1.jpg;https://127-foto.netlify.app/188.jpg;ADELAIDA 1212(196);;;;
13;196;NEMBO;196NEMBO;271;Bracciale;NEMBO;2;99;544362||200000000;https://cdn.jooraccess.com/img/uploads/accounts/598756/images/xLITR-bmTpifPcpfySI7HA_11425679496a14532a752617_68673182_02970400XX1.jpg;https://127-foto.netlify.app/188.jpg;NEMBO 2(196);;;;
13;196;USCITA;196USCITA;271;Calzature;USCITA;2534;99;544431||253400000000;#N/D;https://127-foto.netlify.app/188.jpg;USCITA 2534(196);;;;
13;196;DIADELFO;196DIADELFO;271;Cintura;DIADELFO;0691 1425 0002;99;544564||69114250002;https://cdn.jooraccess.com/img/uploads/accounts/598756/images/WhatsApp Image 2026-07-15 at 10.03.35.jpeg;https://127-foto.netlify.app/188.jpg;DIADELFO 0691 1425 0002(196);;;;
14;197;CONCORD;197CONCORD;271;Pullover;CONCORD;1212 1212;4;100822||121212120000;https://cdn.jooraccess.com/img/uploads/accounts/598756/images/27SOjjJ2RQeT-UaDmd7Ldg_16740792066a5635364cfef2_71041599_03040380XX1.jpg;https://127-foto.netlify.app/187.jpg;CONCORD 1212 1212(197);;;;
14;197;ADELAIDA;197ADELAIDA;271;Pantalone;ADELAIDA;1212;5;544517||121200000000;https://cdn.jooraccess.com/img/uploads/accounts/598756/images/1ECTKlhCQJy5vIURELr_uw_8057813916a5634cab2f056_64982069_02990070XX1.jpg;https://127-foto.netlify.app/187.jpg;ADELAIDA 1212(197);;;;
14;197;IMMENSITA;197IMMENSITA;271;Borsa;IMMENSITA;2246 0002;99;544205||224600020000;https://cdn.jooraccess.com/img/uploads/accounts/598756/images/GyNmCeSMTxKqyvDYn3C1FA_5201397756a564332cfa872_94624443_03050280XX1.jpg;https://127-foto.netlify.app/187.jpg;IMMENSITA 2246 0002(197);;;;
14;197;NONA;197NONA;271;Bracciale;NONA;2;99;544361||200000000;https://cdn.jooraccess.com/img/uploads/accounts/598756/images/NCVbcOEzTZ-NyeviAg7xyQ_15946604066a14533a4d6852_60896697_02971370XX4.jpg;https://127-foto.netlify.app/187.jpg;NONA 2(197);;;;
14;197;NEVISCHIO     A;197NEVISCHIO     A;271;Orecchino;NEVISCHIO     A;2;99;544429||200000000;https://cdn.jooraccess.com/img/uploads/accounts/598756/images/DQWAE_vBS7i1YR1OzJeDhw_21086673106a1453421044e4_96117532_02971630XX1.jpg;https://127-foto.netlify.app/187.jpg;NEVISCHIO     A 2(197);;;;
14;197;USCITA;197USCITA;271;Calzature;USCITA;2264 2264;99;544431||226422640000;#N/D;https://127-foto.netlify.app/187.jpg;USCITA 2264 2264(197);;;;
14;197;DIADELFO;197DIADELFO;271;Cintura;DIADELFO;1566 2228 0002;99;544564||156622280002;https://cdn.jooraccess.com/img/uploads/accounts/598756/images/WhatsApp Image 2026-07-15 at 10.03.35 (3).jpeg;https://127-foto.netlify.app/187.jpg;DIADELFO 1566 2228 0002(197);;;;
14;198;PASS;198PASS;271;Abito;PASS;4745;7;544086||474500000000;https://cdn.jooraccess.com/img/uploads/accounts/598756/images/lWwAqgGHQJGArUgRJR5YEw_17247169586a5634f0a4e542_96347482_03010150XX1.jpg;https://127-foto.netlify.app/189.jpg;PASS 4745(198);;;;
14;198;NILVANGE;198NILVANGE;271;Collana;NILVANGE;1246 0002;99;544246||124600020000;https://cdn.jooraccess.com/img/uploads/accounts/598756/images/F-kk6DIuRBqUzfwwssE5xA_14495799076a5643388977a7_17989781_03050410XX1.jpg;https://127-foto.netlify.app/189.jpg;NILVANGE 1246 0002(198);;;;
14;198;IAPIGE;198IAPIGE;271;Borsa;IAPIGE;2534 0002;99;544272||253400020000;https://cdn.jooraccess.com/img/uploads/accounts/598756/images/5xAFCcDFRQiAS266r-alZg_21036213406a145328af1c74_64525938_02970170XX1.jpg;https://127-foto.netlify.app/189.jpg;IAPIGE 2534 0002(198);;;;
14;198;NIOLO;198NIOLO;271;Orecchino;NIOLO;1297 0002;99;544359||129700020000;https://cdn.jooraccess.com/img/uploads/accounts/598756/images/y8S7pw4QQ1qc3WlxGnBmwA_8444295276a145330bc0234_48271006_02970730XX1.jpg;https://127-foto.netlify.app/189.jpg;NIOLO 1297 0002(198);;;;
14;198;NEMBO;198NEMBO;271;Bracciale;NEMBO;2;99;544362||200000000;https://cdn.jooraccess.com/img/uploads/accounts/598756/images/xLITR-bmTpifPcpfySI7HA_11425679496a14532a752617_68673182_02970400XX1.jpg;https://127-foto.netlify.app/189.jpg;NEMBO 2(198);;;;
14;198;ULLANO        B;198ULLANO        B;271;Calzature;ULLANO        B;49;99;544483||4900000000;https://cdn.jooraccess.com/img/uploads/accounts/598756/images/LFbr3MrZRrm_GbSwCPZkhA_20851971266a564345dfd0b4_67912225_03050770XX1.jpg;https://127-foto.netlify.app/189.jpg;ULLANO        B 49(198);;;;
;199;VELA;199VELA;271;Giacca;VELA;1280;1;544046||128000000000;https://cdn.jooraccess.com/img/uploads/accounts/598756/images/MPItbY0aTJ-0bjMy6mJBvg_16157024736a56351a854496_20333856_03030050XX1.jpg;https://127-foto.netlify.app/165.jpg;VELA 1280(199);;;;
;199;ARTEMISIA;199ARTEMISIA;271;Pantalone;ARTEMISIA;1280;5;544501||128000000000;https://cdn.jooraccess.com/img/uploads/accounts/598756/images/Koxm8bvQRIOqZgFHNDbQvg_6928930626a5634d0de8f42_90475292_02990190XX1.jpg;https://127-foto.netlify.app/165.jpg;ARTEMISIA 1280(199);;;;
;199;NILVANGE;199NILVANGE;271;Collana;NILVANGE;1246 0002;99;544246||124600020000;https://cdn.jooraccess.com/img/uploads/accounts/598756/images/F-kk6DIuRBqUzfwwssE5xA_14495799076a5643388977a7_17989781_03050410XX1.jpg;https://127-foto.netlify.app/165.jpg;NILVANGE 1246 0002(199);;;;
;199;NOMINE;199NOMINE;271;Collana;NOMINE;2;99;544269||200000000;https://cdn.jooraccess.com/img/uploads/accounts/598756/images/zWF_wa-RRkCtIZillbBHsg_18686290266a145339dceb21_18147814_02971360XX1-2.jpg;https://127-foto.netlify.app/165.jpg;NOMINE 2(199);;;;
;199;NONA;199NONA;271;Bracciale;NONA;2;99;544361||200000000;https://cdn.jooraccess.com/img/uploads/accounts/598756/images/NCVbcOEzTZ-NyeviAg7xyQ_15946604066a14533a4d6852_60896697_02971370XX4.jpg;https://127-foto.netlify.app/165.jpg;NONA 2(199);;;;
;199;USCITA;199USCITA;271;Calzature;USCITA;1272 1272;99;544431||127212720000;#N/D;https://127-foto.netlify.app/165.jpg;USCITA 1272 1272(199);;;;
;199;DIADELFO;199DIADELFO;271;Cintura;DIADELFO;0691 1425 0002;99;544564||69114250002;https://cdn.jooraccess.com/img/uploads/accounts/598756/images/WhatsApp Image 2026-07-15 at 10.03.35.jpeg;https://127-foto.netlify.app/165.jpg;DIADELFO 0691 1425 0002(199);;;;
;199;ILLASI        B;199ILLASI        B;271;Borsa;ILLASI        B;1290 0002;99;544637||129000020000;https://cdn.jooraccess.com/img/uploads/accounts/598756/images/ILLASIA_129000020000 (1).jpg;https://127-foto.netlify.app/165.jpg;ILLASI        B 1290 0002(199);;;;
13;200;PUEBLO;200PUEBLO;271;Abito;PUEBLO;1280;7;544511||128000000000;https://cdn.jooraccess.com/img/uploads/accounts/598756/images/fjYCVziFQo2xuqsZRMJ2bg_15090822946a5634fabc8d57_94542087_03010350XX1.jpg;https://127-foto.netlify.app/293.jpg;PUEBLO 1280(200);;;;
13;200;IAPIGE;200IAPIGE;271;Borsa;IAPIGE;2264 0002;99;544272||226400020000;https://cdn.jooraccess.com/img/uploads/accounts/598756/images/zJZAly2zQS-u2eAs4ykTOg_16970615336a145327b51567_35646153_02970150XX1.jpg;https://127-foto.netlify.app/293.jpg;IAPIGE 2264 0002(200);;;;
13;200;XGINEVRA;200XGINEVRA;271;Occhiali Sole;XGINEVRA;0099 0002;99;544316||9900020000;https://cdn.jooraccess.com/img/uploads/accounts/598756/images/iXqFLUb7SeGw6vlgIdf82g_461365846a5643489aab92_13240620_03050830XX1.jpg;https://127-foto.netlify.app/293.jpg;XGINEVRA 0099 0002(200);;;;
13;200;NONA;200NONA;271;Bracciale;NONA;2;99;544361||200000000;https://cdn.jooraccess.com/img/uploads/accounts/598756/images/NCVbcOEzTZ-NyeviAg7xyQ_15946604066a14533a4d6852_60896697_02971370XX4.jpg;https://127-foto.netlify.app/293.jpg;NONA 2(200);;;;
13;200;USCITA;200USCITA;271;Calzature;USCITA;2264 2264;99;544431||226422640000;#N/D;https://127-foto.netlify.app/293.jpg;USCITA 2264 2264(200);;;;
13;200;NEVIGLIE;200NEVIGLIE;271;Orecchino;NEVIGLIE;0574 0927 0002;99;544457||57409270002;https://cdn.jooraccess.com/img/uploads/accounts/598756/images/K3ZDNI-eRU-cv2BQEK5HtQ_19105815366a145340d5b679_49273593_02971610XX1.jpg;https://127-foto.netlify.app/293.jpg;NEVIGLIE 0574 0927 0002(200);;;;
13;200;DENARI        A;200DENARI        A;271;Cintura;DENARI        A;1267 2243 0002;99;544527||126722430002;https://cdn.jooraccess.com/img/uploads/accounts/598756/images/gHb3z_MxTmmx0tDVJgR7ow_1881187736a56432d444542_35080402_03050090XX1.jpg;https://127-foto.netlify.app/293.jpg;DENARI        A 1267 2243 0002(200);;;;
14;201;CIRCONDARIO;201CIRCONDARIO;271;Pullover;CIRCONDARIO;671;4;100826||67100000000;https://cdn.jooraccess.com/img/uploads/accounts/598756/images/Xuqa_2vGRk2T5hhSdkG83g_17654785856a5635316918d2_99504405_03040290XX1.jpg;https://127-foto.netlify.app/184.jpg;CIRCONDARIO 671(201);;;;
14;201;ADELAIDA;201ADELAIDA;271;Pantalone;ADELAIDA;1212;5;544517||121200000000;https://cdn.jooraccess.com/img/uploads/accounts/598756/images/1ECTKlhCQJy5vIURELr_uw_8057813916a5634cab2f056_64982069_02990070XX1.jpg;https://127-foto.netlify.app/184.jpg;ADELAIDA 1212(201);;;;
14;201;NILVANGE;201NILVANGE;271;Collana;NILVANGE;1246 0002;99;544246||124600020000;https://cdn.jooraccess.com/img/uploads/accounts/598756/images/F-kk6DIuRBqUzfwwssE5xA_14495799076a5643388977a7_17989781_03050410XX1.jpg;https://127-foto.netlify.app/184.jpg;NILVANGE 1246 0002(201);;;;
14;201;NOMINE;201NOMINE;271;Collana;NOMINE;2;99;544269||200000000;https://cdn.jooraccess.com/img/uploads/accounts/598756/images/zWF_wa-RRkCtIZillbBHsg_18686290266a145339dceb21_18147814_02971360XX1-2.jpg;https://127-foto.netlify.app/184.jpg;NOMINE 2(201);;;;
14;201;IAPIGE;201IAPIGE;271;Borsa;IAPIGE;2534 0002;99;544272||253400020000;https://cdn.jooraccess.com/img/uploads/accounts/598756/images/5xAFCcDFRQiAS266r-alZg_21036213406a145328af1c74_64525938_02970170XX1.jpg;https://127-foto.netlify.app/184.jpg;IAPIGE 2534 0002(201);;;;
14;201;USCITA;201USCITA;271;Calzature;USCITA;1272 1272;99;544431||127212720000;#N/D;https://127-foto.netlify.app/184.jpg;USCITA 1272 1272(201);;;;
14;202;BRISE;202BRISE;271;Camicia;BRISE;1406;2;544319||140600000000;https://cdn.jooraccess.com/img/uploads/accounts/598756/images/ZAH6BblLQZGzFoP8g0prug_9725183186a5634e92cb181_87097187_03000440XX1.jpg;https://127-foto.netlify.app/181.jpg;BRISE 1406(202);;;;
14;202;ADALINA;202ADALINA;271;Pantalone;ADALINA;1407;5;544352||140700000000;https://cdn.jooraccess.com/img/uploads/accounts/598756/images/xyIysuyUQgSWXmXJkPtlsQ_10605108646a14522e8e11a7_19383586_02900070XX1.jpg;https://127-foto.netlify.app/181.jpg;ADALINA 1407(202);;;;
14;202;NUTRIENTE;202NUTRIENTE;271;Collana;NUTRIENTE;1260 0002;99;544260||126000020000;https://cdn.jooraccess.com/img/uploads/accounts/598756/images/RlBmW1ToQ8mU3bBrOydvRQ_8189166526a1450d417c718_11801118_02970910XX1.jpg;https://127-foto.netlify.app/181.jpg;NUTRIENTE 1260 0002(202);;;;
14;202;USCITA;202USCITA;271;Calzature;USCITA;1272 1272;99;544431||127212720000;#N/D;https://127-foto.netlify.app/181.jpg;USCITA 1272 1272(202);;;;
14;202;DIALETTICA    A;202DIALETTICA    A;271;Cintura;DIALETTICA    A;3283 0002;99;544528||328300020000;https://cdn.jooraccess.com/img/uploads/accounts/598756/images/fH4Uky_DRaqz8ZnnioA4ug_11964845896a56432db3a736_34791056_03050120XX1.jpg;https://127-foto.netlify.app/181.jpg;DIALETTICA    A 3283 0002(202);;;;
;203;BALMA;203BALMA;271;Camicia;BALMA;1414;2;544531||141400000000;https://cdn.jooraccess.com/img/uploads/accounts/598756/images/eACiF5I7Rpimv_XsmKi0IQ_5674121426a5634db7fd365_00805304_03000100XX1.jpg;https://127-foto.netlify.app/272.jpg;BALMA 1414(203);;;;
;203;ARPEGGIO;203ARPEGGIO;271;Pantalone;ARPEGGIO;1257;5;544478||125700000000;https://cdn.jooraccess.com/img/uploads/accounts/598756/images/QJk4fGUOQYWut7jpb5dcww_2751322206a5634cfa28b87_47912682_02990170XX1.jpg;https://127-foto.netlify.app/272.jpg;ARPEGGIO 1257(203);;;;
;203;IAPIGE;203IAPIGE;271;Borsa;IAPIGE;2534 0002;99;544272||253400020000;https://cdn.jooraccess.com/img/uploads/accounts/598756/images/5xAFCcDFRQiAS266r-alZg_21036213406a145328af1c74_64525938_02970170XX1.jpg;https://127-foto.netlify.app/272.jpg;IAPIGE 2534 0002(203);;;;
;203;NONA;203NONA;271;Bracciale;NONA;2;99;544361||200000000;https://cdn.jooraccess.com/img/uploads/accounts/598756/images/NCVbcOEzTZ-NyeviAg7xyQ_15946604066a14533a4d6852_60896697_02971370XX4.jpg;https://127-foto.netlify.app/272.jpg;NONA 2(203);;;;
;203;NEVISCHIO     A;203NEVISCHIO     A;271;Orecchino;NEVISCHIO     A;2;99;544429||200000000;https://cdn.jooraccess.com/img/uploads/accounts/598756/images/DQWAE_vBS7i1YR1OzJeDhw_21086673106a1453421044e4_96117532_02971630XX1.jpg;https://127-foto.netlify.app/272.jpg;NEVISCHIO     A 2(203);;;;
;203;USCITA;203USCITA;271;Calzature;USCITA;1272 1272;99;544431||127212720000;#N/D;https://127-foto.netlify.app/272.jpg;USCITA 1272 1272(203);;;;
14;204;CABLATO;204CABLATO;271;Abito;CABLATO;671;7;100789||67100000000;https://cdn.jooraccess.com/img/uploads/accounts/598756/images/0P0CZ0VyS6WL2SyLyObGBg_13017130106a563521f1b257_66102281_03040010XX1.jpg;https://127-foto.netlify.app/185.jpg;CABLATO 671(204);;;;
14;204;DANIELINA     A;204DANIELINA     A;271;Cintura;DANIELINA     A;0995 0002;99;544213||99500020000;https://cdn.jooraccess.com/img/uploads/accounts/598756/images/UYF2VxPoQ860qvKKValDcQ_7478985136a1450c636a2f8_27352192_02970010XX1.jpg;https://127-foto.netlify.app/185.jpg;DANIELINA     A 0995 0002(204);;;;
14;204;NUTRIENTE;204NUTRIENTE;271;Collana;NUTRIENTE;1260 0002;99;544260||126000020000;https://cdn.jooraccess.com/img/uploads/accounts/598756/images/RlBmW1ToQ8mU3bBrOydvRQ_8189166526a1450d417c718_11801118_02970910XX1.jpg;https://127-foto.netlify.app/185.jpg;NUTRIENTE 1260 0002(204);;;;
14;204;IAPIGE;204IAPIGE;271;Borsa;IAPIGE;2264 0002;99;544272||226400020000;https://cdn.jooraccess.com/img/uploads/accounts/598756/images/zJZAly2zQS-u2eAs4ykTOg_16970615336a145327b51567_35646153_02970150XX1.jpg;https://127-foto.netlify.app/185.jpg;IAPIGE 2264 0002(204);;;;
14;204;NEVISCHIO     A;204NEVISCHIO     A;271;Orecchino;NEVISCHIO     A;2;99;544429||200000000;https://cdn.jooraccess.com/img/uploads/accounts/598756/images/DQWAE_vBS7i1YR1OzJeDhw_21086673106a1453421044e4_96117532_02971630XX1.jpg;https://127-foto.netlify.app/185.jpg;NEVISCHIO     A 2(204);;;;
14;204;UBINO;204UBINO;271;Calzature;UBINO;0941 0906;99;544524||94109060000;https://cdn.jooraccess.com/img/uploads/accounts/598756/images/pZjxYzakS2alqdDJaK96TA_16027437726a5643450d69d9_68998738_03050750XX1.jpg;https://127-foto.netlify.app/185.jpg;UBINO 0941 0906(204);;;;
5;205;BRAZI;205BRAZI;271;Camicia;BRAZI;739;2;544492||73900000000;https://cdn.jooraccess.com/img/uploads/accounts/598756/images/zaRJ6M8qQgeSM4wwgmMOoA_11941994636a5634e4d7cb69_16604086_03000350XX1.jpg;https://127-foto.netlify.app/202.jpg;BRAZI 739(205);;;;
5;205;BORD;205BORD;271;Top;BORD;0;3;544631||0;https://cdn.jooraccess.com/img/uploads/accounts/598756/images/DByTihoLSjqdMiZWzqDRBg_385723876a5634e3e56b48_55148367_03000330XX1.jpg;https://127-foto.netlify.app/202.jpg;BORD 0(205);;;;
5;205;ANIDRO;205ANIDRO;271;Pantalone;ANIDRO;739;5;544585||73900000000;#N/D;https://127-foto.netlify.app/202.jpg;ANIDRO 739(205);;;;
5;205;NOGAL;205NOGAL;271;Collana;NOGAL;0002 0007;99;544274||200070000;https://cdn.jooraccess.com/img/uploads/accounts/598756/images/50UZ6LT8S0ykxcZZ0vfbxw_13068316976a56433ba0a697_73125571_03050470XX1.jpg;https://127-foto.netlify.app/202.jpg;NOGAL 0002 0007(205);;;;
5;205;NOIR;205NOIR;271;Collana;NOIR;0002 0007;99;544276||200070000;https://cdn.jooraccess.com/img/uploads/accounts/598756/images/RUZ1sOaNTcOwm5u3RIeOrA_14344675876a56433e1e6fd8_50060159_03050530XX1.jpg;https://127-foto.netlify.app/202.jpg;NOIR 0002 0007(205);;;;
5;205;NEMBO;205NEMBO;271;Bracciale;NEMBO;2;99;544362||200000000;https://cdn.jooraccess.com/img/uploads/accounts/598756/images/xLITR-bmTpifPcpfySI7HA_11425679496a14532a752617_68673182_02970400XX1.jpg;https://127-foto.netlify.app/202.jpg;NEMBO 2(205);;;;
5;205;ULLANO        B;205ULLANO        B;271;Calzature;ULLANO        B;49;99;544483||4900000000;https://cdn.jooraccess.com/img/uploads/accounts/598756/images/LFbr3MrZRrm_GbSwCPZkhA_20851971266a564345dfd0b4_67912225_03050770XX1.jpg;https://127-foto.netlify.app/202.jpg;ULLANO        B 49(205);;;;
5;205;DISI          D;205DISI          D;271;Cintura;DISI          D;38;99;544638||3800000000;https://cdn.jooraccess.com/img/uploads/accounts/598756/images/LQFzBHgNQ3ClNIWq8-tcyw_4484112296a56432e99e8f4_71661009_03050170XX1.jpg;https://127-foto.netlify.app/202.jpg;DISI          D 38(205);;;;
5;206;CLAUT;206CLAUT;271;Abito;CLAUT;0764 0764;7;100790||76407640000;https://cdn.jooraccess.com/img/uploads/accounts/598756/images/8DsJXrnHRvexxh1d7D_ZhA_4313612606a56353452cd18_37002627_03040340XX1.jpg;https://127-foto.netlify.app/204.jpg;CLAUT 0764 0764(206);;;;
5;206;NUTRIENTE;206NUTRIENTE;271;Collana;NUTRIENTE;0752 0002;99;544260||75200020000;https://cdn.jooraccess.com/img/uploads/accounts/598756/images/-Skx3tWnTGO2kivO1Q81QQ_6280583266a56433fdc02a6_98685174_03050600XX1.jpg;https://127-foto.netlify.app/204.jpg;NUTRIENTE 0752 0002(206);;;;
5;206;NEVISCHIO     A;206NEVISCHIO     A;271;Orecchino;NEVISCHIO     A;2;99;544429||200000000;https://cdn.jooraccess.com/img/uploads/accounts/598756/images/DQWAE_vBS7i1YR1OzJeDhw_21086673106a1453421044e4_96117532_02971630XX1.jpg;https://127-foto.netlify.app/204.jpg;NEVISCHIO     A 2(206);;;;
5;206;ULLANO        B;206ULLANO        B;271;Calzature;ULLANO        B;49;99;544483||4900000000;https://cdn.jooraccess.com/img/uploads/accounts/598756/images/LFbr3MrZRrm_GbSwCPZkhA_20851971266a564345dfd0b4_67912225_03050770XX1.jpg;https://127-foto.netlify.app/204.jpg;ULLANO        B 49(206);;;;
5;207;PAPEL;207PAPEL;271;Abito;PAPEL;4787;7;544509||478700000000;https://cdn.jooraccess.com/img/uploads/accounts/598756/images/CMaceQEHTjeYY8yJzEFGkA_1099108576a5634ee128de1_21746337_03010100XX1.jpg;https://127-foto.netlify.app/203.jpg;PAPEL 4787(207);;;;
5;207;NUTRIENTE;207NUTRIENTE;271;Collana;NUTRIENTE;0752 0002;99;544260||75200020000;https://cdn.jooraccess.com/img/uploads/accounts/598756/images/-Skx3tWnTGO2kivO1Q81QQ_6280583266a56433fdc02a6_98685174_03050600XX1.jpg;https://127-foto.netlify.app/203.jpg;NUTRIENTE 0752 0002(207);;;;
5;207;NONA;207NONA;271;Bracciale;NONA;2;99;544361||200000000;https://cdn.jooraccess.com/img/uploads/accounts/598756/images/NCVbcOEzTZ-NyeviAg7xyQ_15946604066a14533a4d6852_60896697_02971370XX4.jpg;https://127-foto.netlify.app/203.jpg;NONA 2(207);;;;
5;207;NEVISCHIO     A;207NEVISCHIO     A;271;Orecchino;NEVISCHIO     A;2;99;544429||200000000;https://cdn.jooraccess.com/img/uploads/accounts/598756/images/DQWAE_vBS7i1YR1OzJeDhw_21086673106a1453421044e4_96117532_02971630XX1.jpg;https://127-foto.netlify.app/203.jpg;NEVISCHIO     A 2(207);;;;
5;207;ULTEN         A;207ULTEN         A;271;Calzature;ULTEN         A;2223;99;544635||222300000000;https://cdn.jooraccess.com/img/uploads/accounts/598756/images/ULTEN_222300000000.jpg;https://127-foto.netlify.app/203.jpg;ULTEN         A 2223(207);;;;
5;207;ILLASI        B;207ILLASI        B;271;Borsa;ILLASI        B;1840 0002;99;544637||184000020000;https://cdn.jooraccess.com/img/uploads/accounts/598756/images/ILLASIA_184000020000.jpg;https://127-foto.netlify.app/203.jpg;ILLASI        B 1840 0002(207);;;;
5;208;CLARICE;208CLARICE;271;Giacca;CLARICE;764;1;100803||76400000000;https://cdn.jooraccess.com/img/uploads/accounts/598756/images/EuqYJyPEQ_S05AV9d5yZIQ_18955535826a56353296c260_48125026_03040310XX1.jpg;https://127-foto.netlify.app/249.jpg;CLARICE 764(208);;;;
5;208;CLUNIO;208CLUNIO;271;Pantalone;CLUNIO;764;5;100849||76400000000;https://cdn.jooraccess.com/img/uploads/accounts/598756/images/17MT_LZ1Suuo-4NFCLdsuA_19945684576a563534c0a959_36645461_03040350XX1.jpg;https://127-foto.netlify.app/249.jpg;CLUNIO 764(208);;;;
5;208;NUTRIENTE;208NUTRIENTE;271;Collana;NUTRIENTE;0752 0002;99;544260||75200020000;https://cdn.jooraccess.com/img/uploads/accounts/598756/images/-Skx3tWnTGO2kivO1Q81QQ_6280583266a56433fdc02a6_98685174_03050600XX1.jpg;https://127-foto.netlify.app/249.jpg;NUTRIENTE 0752 0002(208);;;;
5;208;NEMBO;208NEMBO;271;Bracciale;NEMBO;2;99;544362||200000000;https://cdn.jooraccess.com/img/uploads/accounts/598756/images/xLITR-bmTpifPcpfySI7HA_11425679496a14532a752617_68673182_02970400XX1.jpg;https://127-foto.netlify.app/249.jpg;NEMBO 2(208);;;;
5;208;NEVISCHIO     A;208NEVISCHIO     A;271;Orecchino;NEVISCHIO     A;2;99;544429||200000000;https://cdn.jooraccess.com/img/uploads/accounts/598756/images/DQWAE_vBS7i1YR1OzJeDhw_21086673106a1453421044e4_96117532_02971630XX1.jpg;https://127-foto.netlify.app/249.jpg;NEVISCHIO     A 2(208);;;;
5;208;ULLANO        B;208ULLANO        B;271;Calzature;ULLANO        B;49;99;544483||4900000000;https://cdn.jooraccess.com/img/uploads/accounts/598756/images/LFbr3MrZRrm_GbSwCPZkhA_20851971266a564345dfd0b4_67912225_03050770XX1.jpg;https://127-foto.netlify.app/249.jpg;ULLANO        B 49(208);;;;
5;209;PUEBLO;209PUEBLO;271;Abito;PUEBLO;1280;7;544511||128000000000;https://cdn.jooraccess.com/img/uploads/accounts/598756/images/fjYCVziFQo2xuqsZRMJ2bg_15090822946a5634fabc8d57_94542087_03010350XX1.jpg;https://127-foto.netlify.app/201.jpg;PUEBLO 1280(209);;;;
5;209;XAURORA;209XAURORA;271;Occhiali Sole;XAURORA;0101 0002;99;544317||10100020000;https://cdn.jooraccess.com/img/uploads/accounts/598756/images/fnyk7LQdQ4qYb5fy9yk4Iw_6977136496a145336c0ca77_10334535_02971290XX1.jpg;https://127-foto.netlify.app/201.jpg;XAURORA 0101 0002(209);;;;
5;209;NONA;209NONA;271;Bracciale;NONA;2;99;544361||200000000;https://cdn.jooraccess.com/img/uploads/accounts/598756/images/NCVbcOEzTZ-NyeviAg7xyQ_15946604066a14533a4d6852_60896697_02971370XX4.jpg;https://127-foto.netlify.app/201.jpg;NONA 2(209);;;;
5;209;ULLANO        B;209ULLANO        B;271;Calzature;ULLANO        B;49;99;544483||4900000000;https://cdn.jooraccess.com/img/uploads/accounts/598756/images/LFbr3MrZRrm_GbSwCPZkhA_20851971266a564345dfd0b4_67912225_03050770XX1.jpg;https://127-foto.netlify.app/201.jpg;ULLANO        B 49(209);;;;
5;209;DISI          D;209DISI          D;271;Cintura;DISI          D;38;99;544638||3800000000;https://cdn.jooraccess.com/img/uploads/accounts/598756/images/LQFzBHgNQ3ClNIWq8-tcyw_4484112296a56432e99e8f4_71661009_03050170XX1.jpg;https://127-foto.netlify.app/201.jpg;DISI          D 38(209);;;;
5;209;IPOSITA       A;209IPOSITA       A;271;Borsa;IPOSITA       A;0004 0038;99;544640||400380000;https://cdn.jooraccess.com/img/uploads/accounts/598756/images/IPOSITA_200380000.jpg;https://127-foto.netlify.app/201.jpg;IPOSITA       A 0004 0038(209);;;;
5;210;BINASCA;210BINASCA;271;Camicia;BINASCA;2626;2;544230||262600000000;https://cdn.jooraccess.com/img/uploads/accounts/598756/images/acuh0FjrRpGpn5o77yXHTQ_14084876206a5634e29cbbd8_43310219_03000280XX1.jpg;https://127-foto.netlify.app/231.jpg;BINASCA 2626(210);;;;
5;210;ALBAVILLA;210ALBAVILLA;271;Pantalone;ALBAVILLA;2612;5;544299||261200000000;https://cdn.jooraccess.com/img/uploads/accounts/598756/images/X2J8hsnnRcWAK-kY9Lb-aA_15880953996a1452326788c0_66705423_02900170XX1.jpg;https://127-foto.netlify.app/231.jpg;ALBAVILLA 2612(210);;;;
5;210;IMAGINE;210IMAGINE;271;Borsa Elegante;IMAGINE;2612 0002;99;544197||261200020000;#N/D;https://127-foto.netlify.app/231.jpg;IMAGINE 2612 0002(210);;;;
5;210;NOGATA;210NOGATA;271;Collana;NOGATA;0001 0002;99;544386||100020000;#N/D;https://127-foto.netlify.app/231.jpg;NOGATA 0001 0002(210);;;;
5;210;ULLANO        B;210ULLANO        B;271;Calzature;ULLANO        B;49;99;544483||4900000000;https://cdn.jooraccess.com/img/uploads/accounts/598756/images/LFbr3MrZRrm_GbSwCPZkhA_20851971266a564345dfd0b4_67912225_03050770XX1.jpg;https://127-foto.netlify.app/231.jpg;ULLANO        B 49(210);;;;
5;210;NORRENI       A;210NORRENI       A;271;Bracciale;NORRENI       A;0001 0002;99;544521||100020000;https://cdn.jooraccess.com/img/uploads/accounts/598756/images/1PlISX0OTxOSrsoFuDS2MQ_3563719746a56433f014874_84367126_03050560XX1.jpg;https://127-foto.netlify.app/231.jpg;NORRENI       A 0001 0002(210);;;;
5;211;PUNTINO;211PUNTINO;271;Abito;PUNTINO;2618;7;544254||261800000000;https://cdn.jooraccess.com/img/uploads/accounts/598756/images/aqJIL76GQcuOiH_hTiYcVA_10357211416a56351288f435_52117553_03010380XX1.jpg;https://127-foto.netlify.app/291.jpg;PUNTINO 2618(211);;;;
5;211;RADENTE;211RADENTE;271;Foulard;RADENTE;3515;99;544151||351500000000;https://cdn.jooraccess.com/img/uploads/accounts/598756/images/OlMvjLHvTL6PWgc2EXUGzQ_8868753796a1450d635dc30_17502201_02970990XX1.jpg;https://127-foto.netlify.app/291.jpg;RADENTE 3515(211);;;;
5;211;NUTRIENTE;211NUTRIENTE;271;Collana;NUTRIENTE;0752 0002;99;544260||75200020000;https://cdn.jooraccess.com/img/uploads/accounts/598756/images/-Skx3tWnTGO2kivO1Q81QQ_6280583266a56433fdc02a6_98685174_03050600XX1.jpg;https://127-foto.netlify.app/291.jpg;NUTRIENTE 0752 0002(211);;;;
5;211;XAURORA;211XAURORA;271;Occhiali Sole;XAURORA;0101 0002;99;544317||10100020000;https://cdn.jooraccess.com/img/uploads/accounts/598756/images/fnyk7LQdQ4qYb5fy9yk4Iw_6977136496a145336c0ca77_10334535_02971290XX1.jpg;https://127-foto.netlify.app/291.jpg;XAURORA 0101 0002(211);;;;
5;211;NONA;211NONA;271;Bracciale;NONA;2;99;544361||200000000;https://cdn.jooraccess.com/img/uploads/accounts/598756/images/NCVbcOEzTZ-NyeviAg7xyQ_15946604066a14533a4d6852_60896697_02971370XX4.jpg;https://127-foto.netlify.app/291.jpg;NONA 2(211);;;;
5;211;ULLANO        B;211ULLANO        B;271;Calzature;ULLANO        B;49;99;544483||4900000000;https://cdn.jooraccess.com/img/uploads/accounts/598756/images/LFbr3MrZRrm_GbSwCPZkhA_20851971266a564345dfd0b4_67912225_03050770XX1.jpg;https://127-foto.netlify.app/291.jpg;ULLANO        B 49(211);;;;
5;211;IPOSITA       A;211IPOSITA       A;271;Borsa;IPOSITA       A;0004 0038;99;544640||400380000;https://cdn.jooraccess.com/img/uploads/accounts/598756/images/IPOSITA_200380000.jpg;https://127-foto.netlify.app/291.jpg;IPOSITA       A 0004 0038(211);;;;
12;212;CONIATURA;212CONIATURA;271;Pullover;CONIATURA;201;4;100804||20100000000;https://cdn.jooraccess.com/img/uploads/accounts/598756/images/0JtMD56oRH-2b_hlj_R0uw_6504126596a563536d40836_33952398_03040390XX1.jpg;https://127-foto.netlify.app/210.jpg;CONIATURA 201(212);;;;
12;212;TAMARICE;212TAMARICE;271;Gonna;TAMARICE;201;6;544628||20100000000;https://cdn.jooraccess.com/img/uploads/accounts/598756/images/orZLgeVvQk63xGUzwu4_MQ_7837307616a563515490fa6_63837327_03020050XX1.jpg;https://127-foto.netlify.app/210.jpg;TAMARICE 201(212);;;;
12;212;ROMANA;212ROMANA;271;Foulard;ROMANA;4749;99;544285||474900000000;https://cdn.jooraccess.com/img/uploads/accounts/598756/images/62eG5uRzTZCqFDodrfDSjQ_6673628086a564343845663_49060526_03050720XX1.jpg;https://127-foto.netlify.app/210.jpg;ROMANA 4749(212);;;;
12;212;NONA;212NONA;271;Bracciale;NONA;2;99;544361||200000000;https://cdn.jooraccess.com/img/uploads/accounts/598756/images/NCVbcOEzTZ-NyeviAg7xyQ_15946604066a14533a4d6852_60896697_02971370XX4.jpg;https://127-foto.netlify.app/210.jpg;NONA 2(212);;;;
12;212;ULLANO        B;212ULLANO        B;271;Calzature;ULLANO        B;49;99;544483||4900000000;https://cdn.jooraccess.com/img/uploads/accounts/598756/images/LFbr3MrZRrm_GbSwCPZkhA_20851971266a564345dfd0b4_67912225_03050770XX1.jpg;https://127-foto.netlify.app/210.jpg;ULLANO        B 49(212);;;;
12;212;IMPAVIDO      B;212IMPAVIDO      B;271;Borsa;IMPAVIDO      B;2535 3935 0038;99;544636||253539350038;https://cdn.jooraccess.com/img/uploads/accounts/598756/images/IMPAVIDO_253539350038.jpg;https://127-foto.netlify.app/210.jpg;IMPAVIDO      B 2535 3935 0038(212);;;;
12;213;CIRCOLETTO;213CIRCOLETTO;271;Pullover;CIRCOLETTO;2541;4;100827||254100000000;https://cdn.jooraccess.com/img/uploads/accounts/598756/images/au1cCxzpTuKq-5cXbqvRUA_9449557606a56352f4a5f32_84199482_03040260XX1.jpg;https://127-foto.netlify.app/237.jpg;CIRCOLETTO 2541(213);;;;
12;213;ANIDRO;213ANIDRO;271;Pantalone;ANIDRO;201;5;544585||20100000000;https://cdn.jooraccess.com/img/uploads/accounts/598756/images/3Xsx-RK0QJy-qGP1Q3gRVA_19700470796a5634cd8fc8b5_42727777_02990130XX1.jpg;https://127-foto.netlify.app/237.jpg;ANIDRO 201(213);;;;
12;213;NAIADI;213NAIADI;271;Collana;NAIADI;0002 0002;99;544266||200020000;https://cdn.jooraccess.com/img/uploads/accounts/598756/images/e-a1dr97S8KphDkJDUA7TQ_16439077306a1450cba7ce84_12281629_02970250XX1.jpg;https://127-foto.netlify.app/237.jpg;NAIADI 0002 0002(213);;;;
12;213;NEUTRINO;213NEUTRINO;271;Bracciale;NEUTRINO;0201 0002;99;544360||20100020000;https://cdn.jooraccess.com/img/uploads/accounts/598756/images/cSmqXdcjSlWWENtE9crr1A_8204655606a14532dc6f1c6_80420471_02970500XX1.jpg;https://127-foto.netlify.app/237.jpg;NEUTRINO 0201 0002(213);;;;
12;213;NEVISCHIO     A;213NEVISCHIO     A;271;Orecchino;NEVISCHIO     A;2;99;544429||200000000;https://cdn.jooraccess.com/img/uploads/accounts/598756/images/DQWAE_vBS7i1YR1OzJeDhw_21086673106a1453421044e4_96117532_02971630XX1.jpg;https://127-foto.netlify.app/237.jpg;NEVISCHIO     A 2(213);;;;
12;213;ULLANO        B;213ULLANO        B;271;Calzature;ULLANO        B;49;99;544483||4900000000;https://cdn.jooraccess.com/img/uploads/accounts/598756/images/LFbr3MrZRrm_GbSwCPZkhA_20851971266a564345dfd0b4_67912225_03050770XX1.jpg;https://127-foto.netlify.app/237.jpg;ULLANO        B 49(213);;;;
12;213;IMPAVIDO      B;213IMPAVIDO      B;271;Borsa;IMPAVIDO      B;2535 3935 0038;99;544636||253539350038;https://cdn.jooraccess.com/img/uploads/accounts/598756/images/IMPAVIDO_253539350038.jpg;https://127-foto.netlify.app/237.jpg;IMPAVIDO      B 2535 3935 0038(213);;;;
12;214;CERCARE;214CERCARE;271;Abito;CERCARE;2536;7;100802||253600000000;https://cdn.jooraccess.com/img/uploads/accounts/598756/images/wijQflrqQxejaqo4o9Eb8Q_13915866106a56352b3cddf6_78239038_03040190XX1.jpg;https://127-foto.netlify.app/236.jpg;CERCARE 2536(214);;;;
12;214;NONA;214NONA;271;Bracciale;NONA;2;99;544361||200000000;https://cdn.jooraccess.com/img/uploads/accounts/598756/images/NCVbcOEzTZ-NyeviAg7xyQ_15946604066a14533a4d6852_60896697_02971370XX4.jpg;https://127-foto.netlify.app/236.jpg;NONA 2(214);;;;
12;214;DUCHESSE;214DUCHESSE;271;Cintura;DUCHESSE;2;99;544367||200000000;https://cdn.jooraccess.com/img/uploads/accounts/598756/images/oL3TJCuxQ62m5IEWR6Accg_19533515566a1453254050b7_39777174_02970040XX1.jpg;https://127-foto.netlify.app/236.jpg;DUCHESSE 2(214);;;;
12;214;NEVISCHIO     A;214NEVISCHIO     A;271;Orecchino;NEVISCHIO     A;2;99;544429||200000000;https://cdn.jooraccess.com/img/uploads/accounts/598756/images/DQWAE_vBS7i1YR1OzJeDhw_21086673106a1453421044e4_96117532_02971630XX1.jpg;https://127-foto.netlify.app/236.jpg;NEVISCHIO     A 2(214);;;;
12;214;DAMIETTA;214DAMIETTA;271;Cintura;DAMIETTA;2;99;544486||200000000;https://cdn.jooraccess.com/img/uploads/accounts/598756/images/klaNMdKISpOxnwF12n9kWg_12483183316a145343c682c9_65526302_02971730XX1.jpg;https://127-foto.netlify.app/236.jpg;DAMIETTA 2(214);;;;
12;214;ULTEN         A;214ULTEN         A;271;Calzature;ULTEN         A;2;99;544635||200000000;https://cdn.jooraccess.com/img/uploads/accounts/598756/images/ULTEN_200000000.jpg;https://127-foto.netlify.app/236.jpg;ULTEN         A 2(214);;;;
12;214;IMPAVIDO      B;214IMPAVIDO      B;271;Borsa;IMPAVIDO      B;2535 3935 0038;99;544636||253539350038;https://cdn.jooraccess.com/img/uploads/accounts/598756/images/IMPAVIDO_253539350038.jpg;https://127-foto.netlify.app/236.jpg;IMPAVIDO      B 2535 3935 0038(214);;;;
12;215;CONIUGI;215CONIUGI;271;Giacca;CONIUGI;2541 2579;1;100821||254125790000;https://cdn.jooraccess.com/img/uploads/accounts/598756/images/ui--xF5cRIu-q0Mm4k-MfQ_16452639906a5635383d7337_30200124_03040420XX1.jpg;https://127-foto.netlify.app/238.jpg;CONIUGI 2541 2579(215);;;;
12;215;TAMARICE;215TAMARICE;271;Gonna;TAMARICE;201;6;544628||20100000000;https://cdn.jooraccess.com/img/uploads/accounts/598756/images/orZLgeVvQk63xGUzwu4_MQ_7837307616a563515490fa6_63837327_03020050XX1.jpg;https://127-foto.netlify.app/238.jpg;TAMARICE 201(215);;;;
12;215;IMPARI;215IMPARI;271;Borsa;IMPARI;0034 3573 0002;99;544328||3435730002;https://cdn.jooraccess.com/img/uploads/accounts/598756/images/yugve6OhQuaZi4HoZgqvOg_2449356716a56433346e6f1_39583521_03050290XX1.jpg;https://127-foto.netlify.app/238.jpg;IMPARI 0034 3573 0002(215);;;;
12;215;NEUTRINO;215NEUTRINO;271;Bracciale;NEUTRINO;0201 0002;99;544360||20100020000;https://cdn.jooraccess.com/img/uploads/accounts/598756/images/cSmqXdcjSlWWENtE9crr1A_8204655606a14532dc6f1c6_80420471_02970500XX1.jpg;https://127-foto.netlify.app/238.jpg;NEUTRINO 0201 0002(215);;;;
12;215;NEVISCHIO     A;215NEVISCHIO     A;271;Orecchino;NEVISCHIO     A;2;99;544429||200000000;https://cdn.jooraccess.com/img/uploads/accounts/598756/images/DQWAE_vBS7i1YR1OzJeDhw_21086673106a1453421044e4_96117532_02971630XX1.jpg;https://127-foto.netlify.app/238.jpg;NEVISCHIO     A 2(215);;;;
12;215;ULLANO        B;215ULLANO        B;271;Calzature;ULLANO        B;49;99;544483||4900000000;https://cdn.jooraccess.com/img/uploads/accounts/598756/images/LFbr3MrZRrm_GbSwCPZkhA_20851971266a564345dfd0b4_67912225_03050770XX1.jpg;https://127-foto.netlify.app/238.jpg;ULLANO        B 49(215);;;;
12;215;DAMIETTA;215DAMIETTA;271;Cintura;DAMIETTA;2;99;544486||200000000;https://cdn.jooraccess.com/img/uploads/accounts/598756/images/klaNMdKISpOxnwF12n9kWg_12483183316a145343c682c9_65526302_02971730XX1.jpg;https://127-foto.netlify.app/238.jpg;DAMIETTA 2(215);;;;
12;216;VETRATE       A;216VETRATE       A;271;Giacca;VETRATE       A;1232;1;544502||123200000000;https://cdn.jooraccess.com/img/uploads/accounts/598756/images/AHcOPU4PQpWDrTglzmIoIw_2841498656a56351e2ccdc1_57585337_03030110XX1.jpg;https://127-foto.netlify.app/186.jpg;VETRATE       A 1232(216);;;;
12;216;CARMELITA;216CARMELITA;271;Polo;CARMELITA;202;4;100771||20200000000;https://cdn.jooraccess.com/img/uploads/accounts/598756/images/yyaMSf2RTrOfyY31ol_wwA_18129907966a1451c59d3372_92603762_02960100XX1.jpg;https://127-foto.netlify.app/186.jpg;CARMELITA 202(216);;;;
12;216;ATONALE;216ATONALE;271;Pantalone;ATONALE;1232;5;544576||123200000000;https://cdn.jooraccess.com/img/uploads/accounts/598756/images/O7LFvnzhR_q7Iab_td7rRg_19439197436a5634d4eb2346_64927445_02990270XX1.jpg;https://127-foto.netlify.app/186.jpg;ATONALE 1232(216);;;;
12;216;NOBLE;216NOBLE;271;Orecchino;NOBLE;0002 0002;99;544358||200020000;0;https://127-foto.netlify.app/186.jpg;NOBLE 0002 0002(216);;;;
12;216;ULLANO        B;216ULLANO        B;271;Calzature;ULLANO        B;49;99;544483||4900000000;https://cdn.jooraccess.com/img/uploads/accounts/598756/images/LFbr3MrZRrm_GbSwCPZkhA_20851971266a564345dfd0b4_67912225_03050770XX1.jpg;https://127-foto.netlify.app/186.jpg;ULLANO        B 49(216);;;;
12;216;IPOSITA       A;216IPOSITA       A;271;Borsa;IPOSITA       A;0004 0038;99;544640||400380000;https://cdn.jooraccess.com/img/uploads/accounts/598756/images/IPOSITA_200380000.jpg;https://127-foto.netlify.app/186.jpg;IPOSITA       A 0004 0038(216);;;;
10;217;BERTY;217BERTY;271;Camicia;BERTY;201;2;544533||20100000000;https://cdn.jooraccess.com/img/uploads/accounts/598756/images/Ilg282AgQIWALEyds3vvZg_16008240856a5634e0564af7_67706069_03000200XX1.jpg;https://127-foto.netlify.app/208.jpg;BERTY 201(217);;;;
10;217;ASTRAZIONE;217ASTRAZIONE;271;Pantalone;ASTRAZIONE;1402;5;544214||140200000000;https://cdn.jooraccess.com/img/uploads/accounts/598756/images/b-wqKqt8Ta-Jsk2-WI6jeg_3716657846a5634d2c6c000_53281050_02990230XX1.jpg;https://127-foto.netlify.app/208.jpg;ASTRAZIONE 1402(217);;;;
10;217;NOGAL;217NOGAL;271;Collana;NOGAL;0005 0009;99;544274||500090000;https://cdn.jooraccess.com/img/uploads/accounts/598756/images/IEeX1zttRUuDHQf5jffuTA_13822649526a56433c1f3530_37721112_03050480XX1.jpg;https://127-foto.netlify.app/208.jpg;NOGAL 0005 0009(217);;;;
10;217;NOIR;217NOIR;271;Collana;NOIR;0005 0009;99;544276||500090000;https://cdn.jooraccess.com/img/uploads/accounts/598756/images/Dcw0DZBQQ4qEbPE2Rsi3Tw_2113205976a56433e8674a7_16941960_03050540XX1.jpg;https://127-foto.netlify.app/208.jpg;NOIR 0005 0009(217);;;;
10;217;NEVISCHIO     A;217NEVISCHIO     A;271;Orecchino;NEVISCHIO     A;5;99;544429||500000000;#N/D;https://127-foto.netlify.app/208.jpg;NEVISCHIO     A 5(217);;;;
10;217;USCITA;217USCITA;271;Calzature;USCITA;1272 1272;99;544431||127212720000;#N/D;https://127-foto.netlify.app/208.jpg;USCITA 1272 1272(217);;;;
10;217;DIADELFO;217DIADELFO;271;Cintura;DIADELFO;0691 1425 0002;99;544564||69114250002;https://cdn.jooraccess.com/img/uploads/accounts/598756/images/WhatsApp Image 2026-07-15 at 10.03.35.jpeg;https://127-foto.netlify.app/208.jpg;DIADELFO 0691 1425 0002(217);;;;
13;218;BARCATA;218BARCATA;271;Camicia;BARCATA;3482;2;544321||348200000000;https://cdn.jooraccess.com/img/uploads/accounts/598756/images/ivSyZowXSUqOdFfRoV8xGQ_5632325526a5634dce95a37_83412784_03000130XX1.jpg;https://127-foto.netlify.app/246.jpg;BARCATA 3482(218);;;;
13;218;ATLAS;218ATLAS;271;Pantalone;ATLAS;201;5;544337||20100000000;https://cdn.jooraccess.com/img/uploads/accounts/598756/images/qyv3hE3YSsmVSumkFKiTlA_8963582366a1452369e8881_78395188_02900340XX1.jpg;https://127-foto.netlify.app/246.jpg;ATLAS 201(218);;;;
13;218;NAIADI;218NAIADI;271;Collana;NAIADI;0002 0002;99;544266||200020000;https://cdn.jooraccess.com/img/uploads/accounts/598756/images/e-a1dr97S8KphDkJDUA7TQ_16439077306a1450cba7ce84_12281629_02970250XX1.jpg;https://127-foto.netlify.app/246.jpg;NAIADI 0002 0002(218);;;;
13;218;DANTESCO      B;218DANTESCO      B;271;Cintura;DANTESCO      B;2208 0002;99;544390||220800020000;https://cdn.jooraccess.com/img/uploads/accounts/598756/images/RgS-I6vbQZOzhxv4qTRcdg_13987254826a0ef699805375_36984117.jpg;https://127-foto.netlify.app/246.jpg;DANTESCO      B 2208 0002(218);;;;
13;218;NEVISCHIO     A;218NEVISCHIO     A;271;Orecchino;NEVISCHIO     A;2;99;544429||200000000;https://cdn.jooraccess.com/img/uploads/accounts/598756/images/DQWAE_vBS7i1YR1OzJeDhw_21086673106a1453421044e4_96117532_02971630XX1.jpg;https://127-foto.netlify.app/246.jpg;NEVISCHIO     A 2(218);;;;
13;218;UMBERINO      A;218UMBERINO      A;271;Calzature;UMBERINO      A;2339;99;544464||233900000000;https://cdn.jooraccess.com/img/uploads/accounts/598756/images/BzP2Kd-kRe-WbaI2eUQcgQ_10356781886a145333bffbe9_96445397_02971220XX1.jpg;https://127-foto.netlify.app/246.jpg;UMBERINO      A 2339(218);;;;
14;219;VERITIERO;219VERITIERO;271;Giacca;VERITIERO;633;1;544063||63300000000;https://cdn.jooraccess.com/img/uploads/accounts/598756/images/XCLEgEmKQDqWdwlvPRGrjw_18533530696a56351bb59235_68913429_03030070XX1.jpg;https://127-foto.netlify.app/280.jpg;VERITIERO 633(219);;;;
14;219;ATONALE;219ATONALE;271;Pantalone;ATONALE;633;5;544576||63300000000;https://cdn.jooraccess.com/img/uploads/accounts/598756/images/yWziJmCVTWG_84EhlxS4sQ_8029979176a5634d465e1c9_22993622_02990260XX1.jpg;https://127-foto.netlify.app/280.jpg;ATONALE 633(219);;;;
14;219;IAPIGE;219IAPIGE;271;Borsa;IAPIGE;2534 0002;99;544272||253400020000;https://cdn.jooraccess.com/img/uploads/accounts/598756/images/5xAFCcDFRQiAS266r-alZg_21036213406a145328af1c74_64525938_02970170XX1.jpg;https://127-foto.netlify.app/280.jpg;IAPIGE 2534 0002(219);;;;
14;219;XAURORA;219XAURORA;271;Occhiali Sole;XAURORA;0101 0002;99;544317||10100020000;https://cdn.jooraccess.com/img/uploads/accounts/598756/images/fnyk7LQdQ4qYb5fy9yk4Iw_6977136496a145336c0ca77_10334535_02971290XX1.jpg;https://127-foto.netlify.app/280.jpg;XAURORA 0101 0002(219);;;;
14;219;NONA;219NONA;271;Bracciale;NONA;2;99;544361||200000000;https://cdn.jooraccess.com/img/uploads/accounts/598756/images/NCVbcOEzTZ-NyeviAg7xyQ_15946604066a14533a4d6852_60896697_02971370XX4.jpg;https://127-foto.netlify.app/280.jpg;NONA 2(219);;;;
14;219;NEVISCHIO     A;219NEVISCHIO     A;271;Orecchino;NEVISCHIO     A;2;99;544429||200000000;https://cdn.jooraccess.com/img/uploads/accounts/598756/images/DQWAE_vBS7i1YR1OzJeDhw_21086673106a1453421044e4_96117532_02971630XX1.jpg;https://127-foto.netlify.app/280.jpg;NEVISCHIO     A 2(219);;;;
14;219;USCITA;219USCITA;271;Calzature;USCITA;2534;99;544431||253400000000;#N/D;https://127-foto.netlify.app/280.jpg;USCITA 2534(219);;;;
13;220;BRAZI;220BRAZI;271;Camicia;BRAZI;201;2;544492||20100000000;https://cdn.jooraccess.com/img/uploads/accounts/598756/images/b2TzJcddTQSVovLwqPi7fg_16078610326a5634e557d111_81493968_03000360XX1.jpg;https://127-foto.netlify.app/183.jpg;BRAZI 201(220);;;;
13;220;ARPEGGIO;220ARPEGGIO;271;Pantalone;ARPEGGIO;1257;5;544478||125700000000;https://cdn.jooraccess.com/img/uploads/accounts/598756/images/QJk4fGUOQYWut7jpb5dcww_2751322206a5634cfa28b87_47912682_02990170XX1.jpg;https://127-foto.netlify.app/183.jpg;ARPEGGIO 1257(220);;;;
13;220;NUTRIENTE;220NUTRIENTE;271;Collana;NUTRIENTE;1260 0002;99;544260||126000020000;https://cdn.jooraccess.com/img/uploads/accounts/598756/images/RlBmW1ToQ8mU3bBrOydvRQ_8189166526a1450d417c718_11801118_02970910XX1.jpg;https://127-foto.netlify.app/183.jpg;NUTRIENTE 1260 0002(220);;;;
13;220;IAPIGE;220IAPIGE;271;Borsa;IAPIGE;2264 0002;99;544272||226400020000;https://cdn.jooraccess.com/img/uploads/accounts/598756/images/zJZAly2zQS-u2eAs4ykTOg_16970615336a145327b51567_35646153_02970150XX1.jpg;https://127-foto.netlify.app/183.jpg;IAPIGE 2264 0002(220);;;;
13;220;NONA;220NONA;271;Bracciale;NONA;2;99;544361||200000000;https://cdn.jooraccess.com/img/uploads/accounts/598756/images/NCVbcOEzTZ-NyeviAg7xyQ_15946604066a14533a4d6852_60896697_02971370XX4.jpg;https://127-foto.netlify.app/183.jpg;NONA 2(220);;;;
13;220;NEVISCHIO     A;220NEVISCHIO     A;271;Orecchino;NEVISCHIO     A;2;99;544429||200000000;https://cdn.jooraccess.com/img/uploads/accounts/598756/images/DQWAE_vBS7i1YR1OzJeDhw_21086673106a1453421044e4_96117532_02971630XX1.jpg;https://127-foto.netlify.app/183.jpg;NEVISCHIO     A 2(220);;;;
13;220;USCITA;220USCITA;271;Calzature;USCITA;1272 1272;99;544431||127212720000;#N/D;https://127-foto.netlify.app/183.jpg;USCITA 1272 1272(220);;;;
13;221;BILORY;221BILORY;271;Camicia;BILORY;3524;2;544626||352400000000;https://cdn.jooraccess.com/img/uploads/accounts/598756/images/SB5gOp13RVSNco4HC8yDbw_11070082986a5634e1aa6623_55577396_03000260XX1.jpg;https://127-foto.netlify.app/182.jpg;BILORY 3524(221);;;;
13;221;ADALINA;221ADALINA;271;Pantalone;ADALINA;1407;5;544352||140700000000;https://cdn.jooraccess.com/img/uploads/accounts/598756/images/xyIysuyUQgSWXmXJkPtlsQ_10605108646a14522e8e11a7_19383586_02900070XX1.jpg;https://127-foto.netlify.app/182.jpg;ADALINA 1407(221);;;;
13;221;IAPIGE;221IAPIGE;271;Borsa;IAPIGE;2264 0002;99;544272||226400020000;https://cdn.jooraccess.com/img/uploads/accounts/598756/images/zJZAly2zQS-u2eAs4ykTOg_16970615336a145327b51567_35646153_02970150XX1.jpg;https://127-foto.netlify.app/182.jpg;IAPIGE 2264 0002(221);;;;
13;221;XGINEVRA;221XGINEVRA;271;Occhiali Sole;XGINEVRA;0101 0002;99;544316||10100020000;https://cdn.jooraccess.com/img/uploads/accounts/598756/images/84ZdHDm-TmOwh5SxtnSO8g_7747925676a1453372ead67_25970379_02971300XX1.jpg;https://127-foto.netlify.app/182.jpg;XGINEVRA 0101 0002(221);;;;
13;221;NONA;221NONA;271;Bracciale;NONA;2;99;544361||200000000;https://cdn.jooraccess.com/img/uploads/accounts/598756/images/NCVbcOEzTZ-NyeviAg7xyQ_15946604066a14533a4d6852_60896697_02971370XX4.jpg;https://127-foto.netlify.app/182.jpg;NONA 2(221);;;;
13;221;NEVISCHIO     A;221NEVISCHIO     A;271;Orecchino;NEVISCHIO     A;2;99;544429||200000000;https://cdn.jooraccess.com/img/uploads/accounts/598756/images/DQWAE_vBS7i1YR1OzJeDhw_21086673106a1453421044e4_96117532_02971630XX1.jpg;https://127-foto.netlify.app/182.jpg;NEVISCHIO     A 2(221);;;;
13;221;USCITA;221USCITA;271;Calzature;USCITA;2264 2264;99;544431||226422640000;#N/D;https://127-foto.netlify.app/182.jpg;USCITA 2264 2264(221);;;;
13;221;DIADELFO;221DIADELFO;271;Cintura;DIADELFO;1566 2228 0002;99;544564||156622280002;https://cdn.jooraccess.com/img/uploads/accounts/598756/images/WhatsApp Image 2026-07-15 at 10.03.35 (3).jpeg;https://127-foto.netlify.app/182.jpg;DIADELFO 1566 2228 0002(221);;;;
13;222;PRATO;222PRATO;271;Abito;PRATO;1215;7;544061||121500000000;https://cdn.jooraccess.com/img/uploads/accounts/598756/images/OKDIsLSaT7eH2DV78FO0tQ_13360481026a5634f82304c4_86611780_03010300XX1.jpg;https://127-foto.netlify.app/278.jpg;PRATO 1215(222);;;;
13;222;IAPIGE;222IAPIGE;271;Borsa;IAPIGE;2534 0002;99;544272||253400020000;https://cdn.jooraccess.com/img/uploads/accounts/598756/images/5xAFCcDFRQiAS266r-alZg_21036213406a145328af1c74_64525938_02970170XX1.jpg;https://127-foto.netlify.app/278.jpg;IAPIGE 2534 0002(222);;;;
13;222;NEMBO;222NEMBO;271;Bracciale;NEMBO;2;99;544362||200000000;https://cdn.jooraccess.com/img/uploads/accounts/598756/images/xLITR-bmTpifPcpfySI7HA_11425679496a14532a752617_68673182_02970400XX1.jpg;https://127-foto.netlify.app/278.jpg;NEMBO 2(222);;;;
13;222;NEVISCHIO     A;222NEVISCHIO     A;271;Orecchino;NEVISCHIO     A;2;99;544429||200000000;https://cdn.jooraccess.com/img/uploads/accounts/598756/images/DQWAE_vBS7i1YR1OzJeDhw_21086673106a1453421044e4_96117532_02971630XX1.jpg;https://127-foto.netlify.app/278.jpg;NEVISCHIO     A 2(222);;;;
13;222;ULLANO        B;222ULLANO        B;271;Calzature;ULLANO        B;49;99;544483||4900000000;https://cdn.jooraccess.com/img/uploads/accounts/598756/images/LFbr3MrZRrm_GbSwCPZkhA_20851971266a564345dfd0b4_67912225_03050770XX1.jpg;https://127-foto.netlify.app/278.jpg;ULLANO        B 49(222);;;;
13;222;DAMIETTA;222DAMIETTA;271;Cintura;DAMIETTA;2;99;544486||200000000;https://cdn.jooraccess.com/img/uploads/accounts/598756/images/klaNMdKISpOxnwF12n9kWg_12483183316a145343c682c9_65526302_02971730XX1.jpg;https://127-foto.netlify.app/278.jpg;DAMIETTA 2(222);;;;
13;223;COSMIA;223COSMIA;271;Giacca;COSMIA;1209 0202;1;100795||120902020000;https://cdn.jooraccess.com/img/uploads/accounts/598756/images/NdwF-FUAQZSTkuv872rINQ_18466452306a56353d3c35f6_61221697_03040530XX1.jpg;https://127-foto.netlify.app/229.jpg;COSMIA 1209 0202(223);;;;
13;223;CROMISTA;223CROMISTA;271;Top;CROMISTA;1209 0202;3;100793||120902020000;https://cdn.jooraccess.com/img/uploads/accounts/598756/images/u0dC8pB_QiKdbPn-4y3Efw_3424901386a56353e38fd45_97005808_03040550XX1.jpg;https://127-foto.netlify.app/229.jpg;CROMISTA 1209 0202(223);;;;
13;223;ADELAIDA;223ADELAIDA;271;Pantalone;ADELAIDA;202;5;544517||20200000000;https://cdn.jooraccess.com/img/uploads/accounts/598756/images/DNE4aRdqSUCbaEBYuKmvcQ_18561447786a5634c9c87700_24984861_02990050XX1.jpg;https://127-foto.netlify.app/229.jpg;ADELAIDA 202(223);;;;
13;223;IAPIGE;223IAPIGE;271;Borsa;IAPIGE;2534 0002;99;544272||253400020000;https://cdn.jooraccess.com/img/uploads/accounts/598756/images/5xAFCcDFRQiAS266r-alZg_21036213406a145328af1c74_64525938_02970170XX1.jpg;https://127-foto.netlify.app/229.jpg;IAPIGE 2534 0002(223);;;;
13;223;NEMBO;223NEMBO;271;Bracciale;NEMBO;2;99;544362||200000000;https://cdn.jooraccess.com/img/uploads/accounts/598756/images/xLITR-bmTpifPcpfySI7HA_11425679496a14532a752617_68673182_02970400XX1.jpg;https://127-foto.netlify.app/229.jpg;NEMBO 2(223);;;;
13;223;NEVISCHIO     A;223NEVISCHIO     A;271;Orecchino;NEVISCHIO     A;2;99;544429||200000000;https://cdn.jooraccess.com/img/uploads/accounts/598756/images/DQWAE_vBS7i1YR1OzJeDhw_21086673106a1453421044e4_96117532_02971630XX1.jpg;https://127-foto.netlify.app/229.jpg;NEVISCHIO     A 2(223);;;;
13;223;ULLANO        B;223ULLANO        B;271;Calzature;ULLANO        B;49;99;544483||4900000000;https://cdn.jooraccess.com/img/uploads/accounts/598756/images/LFbr3MrZRrm_GbSwCPZkhA_20851971266a564345dfd0b4_67912225_03050770XX1.jpg;https://127-foto.netlify.app/229.jpg;ULLANO        B 49(223);;;;
10;224;CASSIANO;224CASSIANO;271;Giacca;CASSIANO;3530;1;100816||353000000000;https://cdn.jooraccess.com/img/uploads/accounts/598756/images/W4uCdm1ER9SHg05BqYWMjw_12244866056a56352a875d54_82256935_03040180XX1.jpg;https://127-foto.netlify.app/191.jpg;CASSIANO 3530(224);;;;
10;224;CUNICOLO      E;224CUNICOLO      E;271;Top;CUNICOLO      E;3530;3;100673||353000000000;https://cdn.jooraccess.com/img/uploads/accounts/598756/images/dQeEDb3hRRymlKKuyCxrsg_16414940116a563540952c96_29510691_03040630XX1.jpg;https://127-foto.netlify.app/191.jpg;CUNICOLO      E 3530(224);;;;
10;224;ANIDRO;224ANIDRO;271;Pantalone;ANIDRO;201;5;544585||20100000000;https://cdn.jooraccess.com/img/uploads/accounts/598756/images/3Xsx-RK0QJy-qGP1Q3gRVA_19700470796a5634cd8fc8b5_42727777_02990130XX1.jpg;https://127-foto.netlify.app/191.jpg;ANIDRO 201(224);;;;
10;224;NUTRIENTE;224NUTRIENTE;271;Collana;NUTRIENTE;0598 0002;99;544260||59800020000;https://cdn.jooraccess.com/img/uploads/accounts/598756/images/04aR5_TKRrmt9iNx0MZFWA_17372991316a1450d59e7d51_97644694_02970950XX1.jpg;https://127-foto.netlify.app/191.jpg;NUTRIENTE 0598 0002(224);;;;
10;224;NOMINE;224NOMINE;271;Collana;NOMINE;2;99;544269||200000000;https://cdn.jooraccess.com/img/uploads/accounts/598756/images/zWF_wa-RRkCtIZillbBHsg_18686290266a145339dceb21_18147814_02971360XX1-2.jpg;https://127-foto.netlify.app/191.jpg;NOMINE 2(224);;;;
10;224;NONA;224NONA;271;Bracciale;NONA;2;99;544361||200000000;https://cdn.jooraccess.com/img/uploads/accounts/598756/images/NCVbcOEzTZ-NyeviAg7xyQ_15946604066a14533a4d6852_60896697_02971370XX4.jpg;https://127-foto.netlify.app/191.jpg;NONA 2(224);;;;
10;224;ULLANO        B;224ULLANO        B;271;Calzature;ULLANO        B;49;99;544483||4900000000;https://cdn.jooraccess.com/img/uploads/accounts/598756/images/LFbr3MrZRrm_GbSwCPZkhA_20851971266a564345dfd0b4_67912225_03050770XX1.jpg;https://127-foto.netlify.app/191.jpg;ULLANO        B 49(224);;;;
10;225;CERCARE;225CERCARE;271;Abito;CERCARE;3530;7;100802||353000000000;https://cdn.jooraccess.com/img/uploads/accounts/598756/images/v5n6Sux2S1GmCpLmSPOglw_19442847756a56352bcc3834_36204951_03040200XX1.jpg;https://127-foto.netlify.app/248.jpg;CERCARE 3530(225);;;;
10;225;NUTRIENTE;225NUTRIENTE;271;Collana;NUTRIENTE;0598 0002;99;544260||59800020000;https://cdn.jooraccess.com/img/uploads/accounts/598756/images/04aR5_TKRrmt9iNx0MZFWA_17372991316a1450d59e7d51_97644694_02970950XX1.jpg;https://127-foto.netlify.app/248.jpg;NUTRIENTE 0598 0002(225);;;;
10;225;NIOLO;225NIOLO;271;Orecchino;NIOLO;0584 0002;99;544359||58400020000;https://cdn.jooraccess.com/img/uploads/accounts/598756/images/KWeYAv5tTmOGaIPvfCsdBw_17363082466a14532f8b7535_04386111_02970710XX1.jpg;https://127-foto.netlify.app/248.jpg;NIOLO 0584 0002(225);;;;
10;225;NEMBO;225NEMBO;271;Bracciale;NEMBO;2;99;544362||200000000;https://cdn.jooraccess.com/img/uploads/accounts/598756/images/xLITR-bmTpifPcpfySI7HA_11425679496a14532a752617_68673182_02970400XX1.jpg;https://127-foto.netlify.app/248.jpg;NEMBO 2(225);;;;
10;225;ULTEN         A;225ULTEN         A;271;Calzature;ULTEN         A;2;99;544635||200000000;https://cdn.jooraccess.com/img/uploads/accounts/598756/images/ULTEN_200000000.jpg;https://127-foto.netlify.app/248.jpg;ULTEN         A 2(225);;;;
10;226;BRISE;226BRISE;271;Camicia;BRISE;523;2;544319||52300000000;https://cdn.jooraccess.com/img/uploads/accounts/598756/images/OxM8AT4GR3qJrk2l2QSx-w_10593633456a5634e79e1d21_56305565_03000410XX1.jpg;https://127-foto.netlify.app/194.jpg;BRISE 523(226);;;;
10;226;ADELAIDA;226ADELAIDA;271;Pantalone;ADELAIDA;202;5;544517||20200000000;https://cdn.jooraccess.com/img/uploads/accounts/598756/images/DNE4aRdqSUCbaEBYuKmvcQ_18561447786a5634c9c87700_24984861_02990050XX1.jpg;https://127-foto.netlify.app/194.jpg;ADELAIDA 202(226);;;;
10;226;NOMINE;226NOMINE;271;Collana;NOMINE;2;99;544269||200000000;https://cdn.jooraccess.com/img/uploads/accounts/598756/images/zWF_wa-RRkCtIZillbBHsg_18686290266a145339dceb21_18147814_02971360XX1-2.jpg;https://127-foto.netlify.app/194.jpg;NOMINE 2(226);;;;
10;226;IAPIGE;226IAPIGE;271;Borsa;IAPIGE;2339 0002;99;544272||233900020000;https://cdn.jooraccess.com/img/uploads/accounts/598756/images/cvf7J-0iQ4ecP4xpRAXFnA_4276540736a1453282dde79_10220699_02970160XX1.jpg;https://127-foto.netlify.app/194.jpg;IAPIGE 2339 0002(226);;;;
10;226;NOGAL;226NOGAL;271;Collana;NOGAL;0002 0007;99;544274||200070000;https://cdn.jooraccess.com/img/uploads/accounts/598756/images/50UZ6LT8S0ykxcZZ0vfbxw_13068316976a56433ba0a697_73125571_03050470XX1.jpg;https://127-foto.netlify.app/194.jpg;NOGAL 0002 0007(226);;;;
10;226;NOIR;226NOIR;271;Collana;NOIR;0002 0007;99;544276||200070000;https://cdn.jooraccess.com/img/uploads/accounts/598756/images/RUZ1sOaNTcOwm5u3RIeOrA_14344675876a56433e1e6fd8_50060159_03050530XX1.jpg;https://127-foto.netlify.app/194.jpg;NOIR 0002 0007(226);;;;
10;226;DIVINITA;226DIVINITA;271;Cintura;DIVINITA;1197;99;544413||119700000000;#N/D;https://127-foto.netlify.app/194.jpg;DIVINITA 1197(226);;;;
10;226;NEVISCHIO     A;226NEVISCHIO     A;271;Orecchino;NEVISCHIO     A;2;99;544429||200000000;https://cdn.jooraccess.com/img/uploads/accounts/598756/images/DQWAE_vBS7i1YR1OzJeDhw_21086673106a1453421044e4_96117532_02971630XX1.jpg;https://127-foto.netlify.app/194.jpg;NEVISCHIO     A 2(226);;;;
10;226;UMBERINO      A;226UMBERINO      A;271;Calzature;UMBERINO      A;2339;99;544464||233900000000;https://cdn.jooraccess.com/img/uploads/accounts/598756/images/BzP2Kd-kRe-WbaI2eUQcgQ_10356781886a145333bffbe9_96445397_02971220XX1.jpg;https://127-foto.netlify.app/194.jpg;UMBERINO      A 2339(226);;;;
11;227;PAGGETTO;227PAGGETTO;271;Abito;PAGGETTO;0523 0523;7;544222||52305230000;https://cdn.jooraccess.com/img/uploads/accounts/598756/images/qC39dk5-QZin4l58LvcKNQ_12915810076a5634eb228913_96721742_03010040XX1.jpg;https://127-foto.netlify.app/192.jpg;PAGGETTO 0523 0523(227);;;;
11;227;NEMBO;227NEMBO;271;Bracciale;NEMBO;2;99;544362||200000000;https://cdn.jooraccess.com/img/uploads/accounts/598756/images/xLITR-bmTpifPcpfySI7HA_11425679496a14532a752617_68673182_02970400XX1.jpg;https://127-foto.netlify.app/192.jpg;NEMBO 2(227);;;;
11;227;NEVISCHIO     A;227NEVISCHIO     A;271;Orecchino;NEVISCHIO     A;2;99;544429||200000000;https://cdn.jooraccess.com/img/uploads/accounts/598756/images/DQWAE_vBS7i1YR1OzJeDhw_21086673106a1453421044e4_96117532_02971630XX1.jpg;https://127-foto.netlify.app/192.jpg;NEVISCHIO     A 2(227);;;;
11;227;ULLANO        B;227ULLANO        B;271;Calzature;ULLANO        B;49;99;544483||4900000000;https://cdn.jooraccess.com/img/uploads/accounts/598756/images/LFbr3MrZRrm_GbSwCPZkhA_20851971266a564345dfd0b4_67912225_03050770XX1.jpg;https://127-foto.netlify.app/192.jpg;ULLANO        B 49(227);;;;
11;227;ILLASI        B;227ILLASI        B;271;Borsa;ILLASI        B;0501 0002;99;544637||50100020000;https://cdn.jooraccess.com/img/uploads/accounts/598756/images/ILLASIA_50100020000.jpg;https://127-foto.netlify.app/192.jpg;ILLASI        B 0501 0002(227);;;;
11;227;DISI          D;227DISI          D;271;Cintura;DISI          D;38;99;544638||3800000000;https://cdn.jooraccess.com/img/uploads/accounts/598756/images/LQFzBHgNQ3ClNIWq8-tcyw_4484112296a56432e99e8f4_71661009_03050170XX1.jpg;https://127-foto.netlify.app/192.jpg;DISI          D 38(227);;;;
10;228;CINZIANA;228CINZIANA;271;Pullover;CINZIANA;3530;4;100839||353000000000;https://cdn.jooraccess.com/img/uploads/accounts/598756/images/Y6Tj6fW9Rr6JZ75YMJZhjw_4019287516a56352eb076e0_44295369_03040250XX1.jpg;https://127-foto.netlify.app/193.jpg;CINZIANA 3530(228);;;;
10;228;ANIDRO;228ANIDRO;271;Pantalone;ANIDRO;201;5;544585||20100000000;https://cdn.jooraccess.com/img/uploads/accounts/598756/images/3Xsx-RK0QJy-qGP1Q3gRVA_19700470796a5634cd8fc8b5_42727777_02990130XX1.jpg;https://127-foto.netlify.app/193.jpg;ANIDRO 201(228);;;;
10;228;NEMBO;228NEMBO;271;Bracciale;NEMBO;2;99;544362||200000000;https://cdn.jooraccess.com/img/uploads/accounts/598756/images/xLITR-bmTpifPcpfySI7HA_11425679496a14532a752617_68673182_02970400XX1.jpg;https://127-foto.netlify.app/193.jpg;NEMBO 2(228);;;;
10;228;NEVISCHIO     A;228NEVISCHIO     A;271;Orecchino;NEVISCHIO     A;2;99;544429||200000000;https://cdn.jooraccess.com/img/uploads/accounts/598756/images/DQWAE_vBS7i1YR1OzJeDhw_21086673106a1453421044e4_96117532_02971630XX1.jpg;https://127-foto.netlify.app/193.jpg;NEVISCHIO     A 2(228);;;;
10;228;ULLANO        B;228ULLANO        B;271;Calzature;ULLANO        B;49;99;544483||4900000000;https://cdn.jooraccess.com/img/uploads/accounts/598756/images/LFbr3MrZRrm_GbSwCPZkhA_20851971266a564345dfd0b4_67912225_03050770XX1.jpg;https://127-foto.netlify.app/193.jpg;ULLANO        B 49(228);;;;
10;228;DAMIETTA;228DAMIETTA;271;Cintura;DAMIETTA;2;99;544486||200000000;https://cdn.jooraccess.com/img/uploads/accounts/598756/images/klaNMdKISpOxnwF12n9kWg_12483183316a145343c682c9_65526302_02971730XX1.jpg;https://127-foto.netlify.app/193.jpg;DAMIETTA 2(228);;;;
11;229;VETRATE       A;229VETRATE       A;271;Giacca;VETRATE       A;523;1;544502||52300000000;https://cdn.jooraccess.com/img/uploads/accounts/598756/images/wKyLRJsLSlWEX1Nl5rjlWQ_4438750186a56351d853db3_09052036_03030100XX1.jpg;https://127-foto.netlify.app/296.jpg;VETRATE       A 523(229);;;;
11;229;CABRERA;229CABRERA;271;Pullover;CABRERA;203;4;100840||20300000000;https://cdn.jooraccess.com/img/uploads/accounts/598756/images/3kwFlrZZTHGjL0-JFL2jCg_959203906a563543731ef7_90322748_03040690XX1.jpg;https://127-foto.netlify.app/296.jpg;CABRERA 203(229);;;;
11;229;ATONALE;229ATONALE;271;Pantalone;ATONALE;523;5;544576||52300000000;https://cdn.jooraccess.com/img/uploads/accounts/598756/images/_jpSVX7zRWOx6tW4qh-9dA_17387003246a5634d3cdb956_71788016_02990250XX1.jpg;https://127-foto.netlify.app/296.jpg;ATONALE 523(229);;;;
11;229;NUTRIENTE;229NUTRIENTE;271;Collana;NUTRIENTE;0598 0002;99;544260||59800020000;https://cdn.jooraccess.com/img/uploads/accounts/598756/images/04aR5_TKRrmt9iNx0MZFWA_17372991316a1450d59e7d51_97644694_02970950XX1.jpg;https://127-foto.netlify.app/296.jpg;NUTRIENTE 0598 0002(229);;;;
11;229;ULLANO        B;229ULLANO        B;271;Calzature;ULLANO        B;49;99;544483||4900000000;https://cdn.jooraccess.com/img/uploads/accounts/598756/images/LFbr3MrZRrm_GbSwCPZkhA_20851971266a564345dfd0b4_67912225_03050770XX1.jpg;https://127-foto.netlify.app/296.jpg;ULLANO        B 49(229);;;;
;230;CURIOSO;230CURIOSO;271;Pullover;CURIOSO;0201 0201;4;100792||20102010000;https://cdn.jooraccess.com/img/uploads/accounts/598756/images/L8TPupdVQu-sLT98suG_nQ_2956056936a563541134642_12904353_03040640XX1.jpg;https://127-foto.netlify.app/172.jpg;CURIOSO 0201 0201(230);;;;
;230;ADELAIDA;230ADELAIDA;271;Pantalone;ADELAIDA;202;5;544517||20200000000;https://cdn.jooraccess.com/img/uploads/accounts/598756/images/DNE4aRdqSUCbaEBYuKmvcQ_18561447786a5634c9c87700_24984861_02990050XX1.jpg;https://127-foto.netlify.app/172.jpg;ADELAIDA 202(230);;;;
;230;NAIADI;230NAIADI;271;Collana;NAIADI;0002 0002;99;544266||200020000;https://cdn.jooraccess.com/img/uploads/accounts/598756/images/e-a1dr97S8KphDkJDUA7TQ_16439077306a1450cba7ce84_12281629_02970250XX1.jpg;https://127-foto.netlify.app/172.jpg;NAIADI 0002 0002(230);;;;
;230;NEUTRINO;230NEUTRINO;271;Bracciale;NEUTRINO;0201 0002;99;544360||20100020000;https://cdn.jooraccess.com/img/uploads/accounts/598756/images/cSmqXdcjSlWWENtE9crr1A_8204655606a14532dc6f1c6_80420471_02970500XX1.jpg;https://127-foto.netlify.app/172.jpg;NEUTRINO 0201 0002(230);;;;
;230;ULLANO        B;230ULLANO        B;271;Calzature;ULLANO        B;49;99;544483||4900000000;https://cdn.jooraccess.com/img/uploads/accounts/598756/images/LFbr3MrZRrm_GbSwCPZkhA_20851971266a564345dfd0b4_67912225_03050770XX1.jpg;https://127-foto.netlify.app/172.jpg;ULLANO        B 49(230);;;;
11;231;BRIOSITA;231BRIOSITA;271;Camicia;BRIOSITA;201;2;544494||20100000000;https://cdn.jooraccess.com/img/uploads/accounts/598756/images/R8XBeC1HT-epViFpK52ZtA_15736829686a5634e5c32b97_21741547_03000370XX1.jpg;https://127-foto.netlify.app/209.jpg;BRIOSITA 201(231);;;;
11;231;ADELAIDA;231ADELAIDA;271;Pantalone;ADELAIDA;202;5;544517||20200000000;https://cdn.jooraccess.com/img/uploads/accounts/598756/images/DNE4aRdqSUCbaEBYuKmvcQ_18561447786a5634c9c87700_24984861_02990050XX1.jpg;https://127-foto.netlify.app/209.jpg;ADELAIDA 202(231);;;;
11;231;ROMANA;231ROMANA;271;Foulard;ROMANA;4749;99;544285||474900000000;https://cdn.jooraccess.com/img/uploads/accounts/598756/images/62eG5uRzTZCqFDodrfDSjQ_6673628086a564343845663_49060526_03050720XX1.jpg;https://127-foto.netlify.app/209.jpg;ROMANA 4749(231);;;;
11;231;XGINEVRA;231XGINEVRA;271;Occhiali Sole;XGINEVRA;0101 0002;99;544316||10100020000;https://cdn.jooraccess.com/img/uploads/accounts/598756/images/84ZdHDm-TmOwh5SxtnSO8g_7747925676a1453372ead67_25970379_02971300XX1.jpg;https://127-foto.netlify.app/209.jpg;XGINEVRA 0101 0002(231);;;;
11;231;NIOLO;231NIOLO;271;Orecchino;NIOLO;1297 0002;99;544359||129700020000;https://cdn.jooraccess.com/img/uploads/accounts/598756/images/y8S7pw4QQ1qc3WlxGnBmwA_8444295276a145330bc0234_48271006_02970730XX1.jpg;https://127-foto.netlify.app/209.jpg;NIOLO 1297 0002(231);;;;
11;231;NONA;231NONA;271;Bracciale;NONA;2;99;544361||200000000;https://cdn.jooraccess.com/img/uploads/accounts/598756/images/NCVbcOEzTZ-NyeviAg7xyQ_15946604066a14533a4d6852_60896697_02971370XX4.jpg;https://127-foto.netlify.app/209.jpg;NONA 2(231);;;;
11;231;USCITA;231USCITA;271;Calzature;USCITA;2264 2264;99;544431||226422640000;#N/D;https://127-foto.netlify.app/209.jpg;USCITA 2264 2264(231);;;;
12;232;PACATA;232PACATA;271;Abito;PACATA;0;7;544567||0;https://cdn.jooraccess.com/img/uploads/accounts/598756/images/6iw9j9PMQFeb8PqCGGoNHA_4355102646a563513087fd3_08751402_03010400XX1.jpg;https://127-foto.netlify.app/205.jpg;PACATA 0(232);;;;
12;232;NUTRIENTE;232NUTRIENTE;271;Collana;NUTRIENTE;1260 0002;99;544260||126000020000;https://cdn.jooraccess.com/img/uploads/accounts/598756/images/RlBmW1ToQ8mU3bBrOydvRQ_8189166526a1450d417c718_11801118_02970910XX1.jpg;https://127-foto.netlify.app/205.jpg;NUTRIENTE 1260 0002(232);;;;
12;232;NEMBO;232NEMBO;271;Bracciale;NEMBO;2;99;544362||200000000;https://cdn.jooraccess.com/img/uploads/accounts/598756/images/xLITR-bmTpifPcpfySI7HA_11425679496a14532a752617_68673182_02970400XX1.jpg;https://127-foto.netlify.app/205.jpg;NEMBO 2(232);;;;
12;232;NEVISCHIO     A;232NEVISCHIO     A;271;Orecchino;NEVISCHIO     A;2;99;544429||200000000;https://cdn.jooraccess.com/img/uploads/accounts/598756/images/DQWAE_vBS7i1YR1OzJeDhw_21086673106a1453421044e4_96117532_02971630XX1.jpg;https://127-foto.netlify.app/205.jpg;NEVISCHIO     A 2(232);;;;
12;232;ULLANO        B;232ULLANO        B;271;Calzature;ULLANO        B;49;99;544483||4900000000;https://cdn.jooraccess.com/img/uploads/accounts/598756/images/LFbr3MrZRrm_GbSwCPZkhA_20851971266a564345dfd0b4_67912225_03050770XX1.jpg;https://127-foto.netlify.app/205.jpg;ULLANO        B 49(232);;;;
11;233;BINASCA;233BINASCA;271;Camicia;BINASCA;1384;2;544230||138400000000;https://cdn.jooraccess.com/img/uploads/accounts/598756/images/vLRIl9FIQiK1RCsEZ0Ks7Q_12517335876a5634e312a8b9_70381976_03000290XX1.jpg;https://127-foto.netlify.app/190.jpg;BINASCA 1384(233);;;;
11;233;AMATORE       B;233AMATORE       B;271;Pantalone;AMATORE       B;201;5;544453||20100000000;https://cdn.jooraccess.com/img/uploads/accounts/598756/images/8ZhMAFDzREaJXWuBtUJFjA_19568665066a5634cc1fa8c4_07375184_02990100XX1.jpg;https://127-foto.netlify.app/190.jpg;AMATORE       B 201(233);;;;
11;233;NUTRIENTE;233NUTRIENTE;271;Collana;NUTRIENTE;1260 0002;99;544260||126000020000;https://cdn.jooraccess.com/img/uploads/accounts/598756/images/RlBmW1ToQ8mU3bBrOydvRQ_8189166526a1450d417c718_11801118_02970910XX1.jpg;https://127-foto.netlify.app/190.jpg;NUTRIENTE 1260 0002(233);;;;
11;233;NEMBO;233NEMBO;271;Bracciale;NEMBO;2;99;544362||200000000;https://cdn.jooraccess.com/img/uploads/accounts/598756/images/xLITR-bmTpifPcpfySI7HA_11425679496a14532a752617_68673182_02970400XX1.jpg;https://127-foto.netlify.app/190.jpg;NEMBO 2(233);;;;
11;233;ULLANO        B;233ULLANO        B;271;Calzature;ULLANO        B;49;99;544483||4900000000;https://cdn.jooraccess.com/img/uploads/accounts/598756/images/LFbr3MrZRrm_GbSwCPZkhA_20851971266a564345dfd0b4_67912225_03050770XX1.jpg;https://127-foto.netlify.app/190.jpg;ULLANO        B 49(233);;;;
11;234;BRISE;234BRISE;271;Camicia;BRISE;201;2;544319||20100000000;https://cdn.jooraccess.com/img/uploads/accounts/598756/images/4QV1EgmDSea9nQhR-XyxNA_9209304116a5634e72b1c30_25276609_03000400XX1.jpg;https://127-foto.netlify.app/206.jpg;BRISE 201(234);;;;
11;234;NOGAL;234NOGAL;271;Collana;NOGAL;0005 0009;99;544274||500090000;https://cdn.jooraccess.com/img/uploads/accounts/598756/images/IEeX1zttRUuDHQf5jffuTA_13822649526a56433c1f3530_37721112_03050480XX1.jpg;https://127-foto.netlify.app/206.jpg;NOGAL 0005 0009(234);;;;
11;234;NOIR;234NOIR;271;Collana;NOIR;0005 0009;99;544276||500090000;https://cdn.jooraccess.com/img/uploads/accounts/598756/images/Dcw0DZBQQ4qEbPE2Rsi3Tw_2113205976a56433e8674a7_16941960_03050540XX1.jpg;https://127-foto.netlify.app/206.jpg;NOIR 0005 0009(234);;;;
11;234;DECORSO;234DECORSO;271;Cintura;DECORSO;0007 1333;99;544366||713330000;https://cdn.jooraccess.com/img/uploads/accounts/598756/images/sE4g4hatQQOcI6G_biqrGg_8052597366a56432bf18fd6_99547416_03050040XX1.jpg;https://127-foto.netlify.app/206.jpg;DECORSO 0007 1333(234);;;;
11;234;NEVISCHIO     A;234NEVISCHIO     A;271;Orecchino;NEVISCHIO     A;5;99;544429||500000000;#N/D;https://127-foto.netlify.app/206.jpg;NEVISCHIO     A 5(234);;;;
11;234;ULLANO        B;234ULLANO        B;271;Calzature;ULLANO        B;5;99;544483||500000000;https://cdn.jooraccess.com/img/uploads/accounts/598756/images/ewCZ7A8BQT2PeuDqsZJucQ_15550895836a564345785255_55851667_03050760XX1.jpg;https://127-foto.netlify.app/206.jpg;ULLANO        B 5(234);;;;
11;235;PAGGETTO;235PAGGETTO;271;Abito;PAGGETTO;0201 0201;7;544222||20102010000;https://cdn.jooraccess.com/img/uploads/accounts/598756/images/IKdvQLezTOC0P-MJ3zP28w_18475852416a5634ea924028_42284953_03010030XX1.jpg;https://127-foto.netlify.app/292.jpg;PAGGETTO 0201 0201(235);;;;
11;235;NOGAL;235NOGAL;271;Collana;NOGAL;0005 0009;99;544274||500090000;https://cdn.jooraccess.com/img/uploads/accounts/598756/images/IEeX1zttRUuDHQf5jffuTA_13822649526a56433c1f3530_37721112_03050480XX1.jpg;https://127-foto.netlify.app/292.jpg;NOGAL 0005 0009(235);;;;
11;235;NOIR;235NOIR;271;Collana;NOIR;0005 0009;99;544276||500090000;https://cdn.jooraccess.com/img/uploads/accounts/598756/images/Dcw0DZBQQ4qEbPE2Rsi3Tw_2113205976a56433e8674a7_16941960_03050540XX1.jpg;https://127-foto.netlify.app/292.jpg;NOIR 0005 0009(235);;;;
11;235;DECORSO;235DECORSO;271;Cintura;DECORSO;0007 1333;99;544366||713330000;https://cdn.jooraccess.com/img/uploads/accounts/598756/images/sE4g4hatQQOcI6G_biqrGg_8052597366a56432bf18fd6_99547416_03050040XX1.jpg;https://127-foto.netlify.app/292.jpg;DECORSO 0007 1333(235);;;;
11;235;NEVISCHIO     A;235NEVISCHIO     A;271;Orecchino;NEVISCHIO     A;5;99;544429||500000000;#N/D;https://127-foto.netlify.app/292.jpg;NEVISCHIO     A 5(235);;;;
11;235;USCITA;235USCITA;271;Calzature;USCITA;2264 2264;99;544431||226422640000;#N/D;https://127-foto.netlify.app/292.jpg;USCITA 2264 2264(235);;;;
11;235;ILLASI        B;235ILLASI        B;271;Borsa;ILLASI        B;0501 0002;99;544637||50100020000;https://cdn.jooraccess.com/img/uploads/accounts/598756/images/ILLASIA_50100020000.jpg;https://127-foto.netlify.app/292.jpg;ILLASI        B 0501 0002(235);;;;
10;236;CAID;236CAID;271;Pullover;CAID;201;4;100799||20100000000;https://cdn.jooraccess.com/img/uploads/accounts/598756/images/lukkyHkjSOaa8wtLUV-UdQ_12911397596a5635258d4855_91288156_03040070XX1.jpg;https://127-foto.netlify.app/241.jpg;CAID 201(236);;;;
10;236;NUTRIENTE;236NUTRIENTE;271;Collana;NUTRIENTE;1531 0002;99;544260||153100020000;https://cdn.jooraccess.com/img/uploads/accounts/598756/images/vjw0U7GXRSeCZVt-Yg07vA_16975754386a1450d4770ef9_09843333_02970920XX1.jpg;https://127-foto.netlify.app/241.jpg;NUTRIENTE 1531 0002(236);;;;
10;236;NONA;236NONA;271;Bracciale;NONA;2;99;544361||200000000;https://cdn.jooraccess.com/img/uploads/accounts/598756/images/NCVbcOEzTZ-NyeviAg7xyQ_15946604066a14533a4d6852_60896697_02971370XX4.jpg;https://127-foto.netlify.app/241.jpg;NONA 2(236);;;;
10;236;NEVISCHIO     A;236NEVISCHIO     A;271;Orecchino;NEVISCHIO     A;2;99;544429||200000000;https://cdn.jooraccess.com/img/uploads/accounts/598756/images/DQWAE_vBS7i1YR1OzJeDhw_21086673106a1453421044e4_96117532_02971630XX1.jpg;https://127-foto.netlify.app/241.jpg;NEVISCHIO     A 2(236);;;;
10;236;ULTEN         A;236ULTEN         A;271;Calzature;ULTEN         A;2;99;544635||200000000;https://cdn.jooraccess.com/img/uploads/accounts/598756/images/ULTEN_200000000.jpg;https://127-foto.netlify.app/241.jpg;ULTEN         A 2(236);;;;
10;237;CLAUT;237CLAUT;271;Abito;CLAUT;0201 0201;7;100790||20102010000;https://cdn.jooraccess.com/img/uploads/accounts/598756/images/D-AvPfoQSi6OaX7oIdXcRw_19414003446a563533cc32a5_23385119_03040330XX1.jpg;https://127-foto.netlify.app/239.jpg;CLAUT 0201 0201(237);;;;
10;237;NIOLO;237NIOLO;271;Orecchino;NIOLO;0201 0002;99;544359||20100020000;https://cdn.jooraccess.com/img/uploads/accounts/598756/images/cO4ThVJ4T-S_GMywIN7oiQ_10066668546a14532ef21284_20623230_02970700XX1.jpg;https://127-foto.netlify.app/239.jpg;NIOLO 0201 0002(237);;;;
10;237;NEUTRINO;237NEUTRINO;271;Bracciale;NEUTRINO;0201 0002;99;544360||20100020000;https://cdn.jooraccess.com/img/uploads/accounts/598756/images/cSmqXdcjSlWWENtE9crr1A_8204655606a14532dc6f1c6_80420471_02970500XX1.jpg;https://127-foto.netlify.app/239.jpg;NEUTRINO 0201 0002(237);;;;
10;237;ULLANO        B;237ULLANO        B;271;Calzature;ULLANO        B;49;99;544483||4900000000;https://cdn.jooraccess.com/img/uploads/accounts/598756/images/LFbr3MrZRrm_GbSwCPZkhA_20851971266a564345dfd0b4_67912225_03050770XX1.jpg;https://127-foto.netlify.app/239.jpg;ULLANO        B 49(237);;;;
9;238;CONNOR;238CONNOR;271;Giacca;CONNOR;201;1;100820||20100000000;https://cdn.jooraccess.com/img/uploads/accounts/598756/images/D23-qRW0Q3u35XN8VTgCLg_19355742186a563538b46031_18042954_03040440XX1.jpg;https://127-foto.netlify.app/240.jpg;CONNOR 201(238);;;;
9;238;CUNICOLO      E;238CUNICOLO      E;271;Top;CUNICOLO      E;201;3;100673||20100000000;https://cdn.jooraccess.com/img/uploads/accounts/598756/images/CUNICOLOD_20100000000.jpg;https://127-foto.netlify.app/240.jpg;CUNICOLO      E 201(238);;;;
9;238;TAMARICE;238TAMARICE;271;Gonna;TAMARICE;201;6;544628||20100000000;https://cdn.jooraccess.com/img/uploads/accounts/598756/images/orZLgeVvQk63xGUzwu4_MQ_7837307616a563515490fa6_63837327_03020050XX1.jpg;https://127-foto.netlify.app/240.jpg;TAMARICE 201(238);;;;
9;238;NUTRIENTE;238NUTRIENTE;271;Collana;NUTRIENTE;1531 0002;99;544260||153100020000;https://cdn.jooraccess.com/img/uploads/accounts/598756/images/vjw0U7GXRSeCZVt-Yg07vA_16975754386a1450d4770ef9_09843333_02970920XX1.jpg;https://127-foto.netlify.app/240.jpg;NUTRIENTE 1531 0002(238);;;;
9;238;NONA;238NONA;271;Bracciale;NONA;2;99;544361||200000000;https://cdn.jooraccess.com/img/uploads/accounts/598756/images/NCVbcOEzTZ-NyeviAg7xyQ_15946604066a14533a4d6852_60896697_02971370XX4.jpg;https://127-foto.netlify.app/240.jpg;NONA 2(238);;;;
9;238;NEVISCHIO     A;238NEVISCHIO     A;271;Orecchino;NEVISCHIO     A;2;99;544429||200000000;https://cdn.jooraccess.com/img/uploads/accounts/598756/images/DQWAE_vBS7i1YR1OzJeDhw_21086673106a1453421044e4_96117532_02971630XX1.jpg;https://127-foto.netlify.app/240.jpg;NEVISCHIO     A 2(238);;;;
9;238;ULLANO        B;238ULLANO        B;271;Calzature;ULLANO        B;49;99;544483||4900000000;https://cdn.jooraccess.com/img/uploads/accounts/598756/images/LFbr3MrZRrm_GbSwCPZkhA_20851971266a564345dfd0b4_67912225_03050770XX1.jpg;https://127-foto.netlify.app/240.jpg;ULLANO        B 49(238);;;;
9;238;IPOSITA       A;238IPOSITA       A;271;Borsa;IPOSITA       A;0004 0038;99;544640||400380000;https://cdn.jooraccess.com/img/uploads/accounts/598756/images/IPOSITA_200380000.jpg;https://127-foto.netlify.app/240.jpg;IPOSITA       A 0004 0038(238);;;;
10;239;VORACITA;239VORACITA;271;Giacca;VORACITA;201;1;544057||20100000000;https://cdn.jooraccess.com/img/uploads/accounts/598756/images/rC-O5g2-SXqHDKpIdtVxsg_8748464376a5635217c1cf3_30078700_03030170XX1.jpg;https://127-foto.netlify.app/234.jpg;VORACITA 201(239);;;;
10;239;ANIDRO;239ANIDRO;271;Pantalone;ANIDRO;201;5;544585||20100000000;https://cdn.jooraccess.com/img/uploads/accounts/598756/images/3Xsx-RK0QJy-qGP1Q3gRVA_19700470796a5634cd8fc8b5_42727777_02990130XX1.jpg;https://127-foto.netlify.app/234.jpg;ANIDRO 201(239);;;;
10;239;NOMAGLIO      C;239NOMAGLIO      C;271;Bracciale;NOMAGLIO      C;0987 0212 0002;99;544242||98702120002;https://cdn.jooraccess.com/img/uploads/accounts/598756/images/o4el4WDST_GAnO-UD8TmTw_4020636746a145338e3be47_39681256_02971340XX1.jpg;https://127-foto.netlify.app/234.jpg;NOMAGLIO      C 0987 0212 0002(239);;;;
10;239;NEVIGLIE;239NEVIGLIE;271;Orecchino;NEVIGLIE;0212 0987 0002;99;544457||21209870002;https://cdn.jooraccess.com/img/uploads/accounts/598756/images/pBWomEtORpmttUyUZ8p8EQ_3710773156a1453417183e8_17218047_02971620XX1.jpg;https://127-foto.netlify.app/234.jpg;NEVIGLIE 0212 0987 0002(239);;;;
10;239;ULLANO        B;239ULLANO        B;271;Calzature;ULLANO        B;49;99;544483||4900000000;https://cdn.jooraccess.com/img/uploads/accounts/598756/images/LFbr3MrZRrm_GbSwCPZkhA_20851971266a564345dfd0b4_67912225_03050770XX1.jpg;https://127-foto.netlify.app/234.jpg;ULLANO        B 49(239);;;;
9;240;BIBLA         G;240BIBLA         G;271;T-shirt;BIBLA         G;201;3;544578||20100000000;https://cdn.jooraccess.com/img/uploads/accounts/598756/images/vV7re9RVT2-VFudPseb9nA_15389579666a5634e0c9b085_65516984_03000240XX1.jpg;https://127-foto.netlify.app/207.jpg;BIBLA         G 201(240);;;;
9;240;TARTANA;240TARTANA;271;Gonna;TARTANA;0201 0201;6;544233||20102010000;https://cdn.jooraccess.com/img/uploads/accounts/598756/images/4DeeCiqRRtWn3g43HcvlsQ_18883168776a5635163c6e97_09032301_03020070XX1.jpg;https://127-foto.netlify.app/207.jpg;TARTANA 0201 0201(240);;;;
9;240;NOIR;240NOIR;271;Collana;NOIR;0002 0007;99;544276||200070000;https://cdn.jooraccess.com/img/uploads/accounts/598756/images/RUZ1sOaNTcOwm5u3RIeOrA_14344675876a56433e1e6fd8_50060159_03050530XX1.jpg;https://127-foto.netlify.app/207.jpg;NOIR 0002 0007(240);;;;
9;240;NEMBO;240NEMBO;271;Bracciale;NEMBO;2;99;544362||200000000;https://cdn.jooraccess.com/img/uploads/accounts/598756/images/xLITR-bmTpifPcpfySI7HA_11425679496a14532a752617_68673182_02970400XX1.jpg;https://127-foto.netlify.app/207.jpg;NEMBO 2(240);;;;
9;240;DUCHESSE;240DUCHESSE;271;Cintura;DUCHESSE;2;99;544367||200000000;https://cdn.jooraccess.com/img/uploads/accounts/598756/images/oL3TJCuxQ62m5IEWR6Accg_19533515566a1453254050b7_39777174_02970040XX1.jpg;https://127-foto.netlify.app/207.jpg;DUCHESSE 2(240);;;;
9;240;NEVIGLIE;240NEVIGLIE;271;Orecchino;NEVIGLIE;0212 0987 0002;99;544457||21209870002;https://cdn.jooraccess.com/img/uploads/accounts/598756/images/pBWomEtORpmttUyUZ8p8EQ_3710773156a1453417183e8_17218047_02971620XX1.jpg;https://127-foto.netlify.app/207.jpg;NEVIGLIE 0212 0987 0002(240);;;;
9;240;ULTEN         A;240ULTEN         A;271;Calzature;ULTEN         A;2;99;544635||200000000;https://cdn.jooraccess.com/img/uploads/accounts/598756/images/ULTEN_200000000.jpg;https://127-foto.netlify.app/207.jpg;ULTEN         A 2(240);;;;
12;241;CONIUGI;241CONIUGI;271;Giacca;CONIUGI;0201 0201;1;100821||20102010000;https://cdn.jooraccess.com/img/uploads/accounts/598756/images/iGfsoFP2RHGSdviJ0On9yQ_5375958056a563537c4a575_63343897_03040410XX1.jpg;https://127-foto.netlify.app/230.jpg;CONIUGI 0201 0201(241);;;;
12;241;CAMPANILE     O;241CAMPANILE     O;271;Gonna;CAMPANILE     O;201;6;544092||20100000000;https://cdn.jooraccess.com/img/uploads/accounts/598756/images/CbZOnMi2SY6RaoKD1pA4oA_13532163756a563543ec6518_20855052_03040700XX1.jpg;https://127-foto.netlify.app/230.jpg;CAMPANILE     O 201(241);;;;
12;241;NOMINE;241NOMINE;271;Collana;NOMINE;2;99;544269||200000000;https://cdn.jooraccess.com/img/uploads/accounts/598756/images/zWF_wa-RRkCtIZillbBHsg_18686290266a145339dceb21_18147814_02971360XX1-2.jpg;https://127-foto.netlify.app/230.jpg;NOMINE 2(241);;;;
12;241;XGINEVRA;241XGINEVRA;271;Occhiali Sole;XGINEVRA;0099 0002;99;544316||9900020000;https://cdn.jooraccess.com/img/uploads/accounts/598756/images/iXqFLUb7SeGw6vlgIdf82g_461365846a5643489aab92_13240620_03050830XX1.jpg;https://127-foto.netlify.app/230.jpg;XGINEVRA 0099 0002(241);;;;
12;241;NEVISCHIO     A;241NEVISCHIO     A;271;Orecchino;NEVISCHIO     A;2;99;544429||200000000;https://cdn.jooraccess.com/img/uploads/accounts/598756/images/DQWAE_vBS7i1YR1OzJeDhw_21086673106a1453421044e4_96117532_02971630XX1.jpg;https://127-foto.netlify.app/230.jpg;NEVISCHIO     A 2(241);;;;
12;241;ULLANO        B;241ULLANO        B;271;Calzature;ULLANO        B;49;99;544483||4900000000;https://cdn.jooraccess.com/img/uploads/accounts/598756/images/LFbr3MrZRrm_GbSwCPZkhA_20851971266a564345dfd0b4_67912225_03050770XX1.jpg;https://127-foto.netlify.app/230.jpg;ULLANO        B 49(241);;;;
12;241;IPOSITA       A;241IPOSITA       A;271;Borsa;IPOSITA       A;0004 0038;99;544640||400380000;https://cdn.jooraccess.com/img/uploads/accounts/598756/images/IPOSITA_200380000.jpg;https://127-foto.netlify.app/230.jpg;IPOSITA       A 0004 0038(241);;;;
11;242;CICLIDE;242CICLIDE;271;Abito;CICLIDE;201;7;100851||20100000000;https://cdn.jooraccess.com/img/uploads/accounts/598756/images/juJjwr5SSh28jP41_6DDvw_9568287806a56352d974915_28446563_03040230XX1.jpg;https://127-foto.netlify.app/173.jpg;CICLIDE 201(242);;;;
11;242;NIOLO;242NIOLO;271;Orecchino;NIOLO;0584 0002;99;544359||58400020000;https://cdn.jooraccess.com/img/uploads/accounts/598756/images/KWeYAv5tTmOGaIPvfCsdBw_17363082466a14532f8b7535_04386111_02970710XX1.jpg;https://127-foto.netlify.app/173.jpg;NIOLO 0584 0002(242);;;;
11;242;DUCHESSE;242DUCHESSE;271;Cintura;DUCHESSE;2;99;544367||200000000;https://cdn.jooraccess.com/img/uploads/accounts/598756/images/oL3TJCuxQ62m5IEWR6Accg_19533515566a1453254050b7_39777174_02970040XX1.jpg;https://127-foto.netlify.app/173.jpg;DUCHESSE 2(242);;;;
11;242;ULTEN         A;242ULTEN         A;271;Calzature;ULTEN         A;2;99;544635||200000000;https://cdn.jooraccess.com/img/uploads/accounts/598756/images/ULTEN_200000000.jpg;https://127-foto.netlify.app/173.jpg;ULTEN         A 2(242);;;;
4;243;CORTI;243CORTI;271;Giacca;CORTI;4754;1;100759||475400000000;https://cdn.jooraccess.com/img/uploads/accounts/598756/images/N2Ae7gRZTkGBL7qWaiCEaA_15140736896a56353c477348_18558921_03040510XX1.jpg;https://127-foto.netlify.app/199.jpg;CORTI 4754(243);;;;
4;243;CORTESI;243CORTESI;271;Pullover;CORTESI;4754;4;100760||475400000000;https://cdn.jooraccess.com/img/uploads/accounts/598756/images/tyuBgVo0TkSLtk76RixehQ_7755881356a56353bc88444_81447125_03040500XX1.jpg;https://127-foto.netlify.app/199.jpg;CORTESI 4754(243);;;;
4;243;ALENA;243ALENA;271;Pantalone;ALENA;1842;5;544641||184200000000;https://cdn.jooraccess.com/img/uploads/accounts/598756/images/hKJxYGxFT7moWUfKqCUD7A_16661776166a5634ce74b9f3_51802426_02990150XX1.jpg;https://127-foto.netlify.app/199.jpg;ALENA 1842(243);;;;
4;243;NUTRIENTE;243NUTRIENTE;271;Collana;NUTRIENTE;1840 0002;99;544260||184000020000;https://cdn.jooraccess.com/img/uploads/accounts/598756/images/NfS-szldQGyLj15Q-qbI8g_2965539826a56434135fe09_31530553_03050630XX1.jpg;https://127-foto.netlify.app/199.jpg;NUTRIENTE 1840 0002(243);;;;
4;243;ULTEN         A;243ULTEN         A;271;Calzature;ULTEN         A;2;99;544635||200000000;https://cdn.jooraccess.com/img/uploads/accounts/598756/images/ULTEN_200000000.jpg;https://127-foto.netlify.app/199.jpg;ULTEN         A 2(243);;;;
4;243;ILLASI        B;243ILLASI        B;271;Borsa;ILLASI        B;1840 0002;99;544637||184000020000;https://cdn.jooraccess.com/img/uploads/accounts/598756/images/ILLASIA_184000020000.jpg;https://127-foto.netlify.app/199.jpg;ILLASI        B 1840 0002(243);;;;
4;244;VERCEL;244VERCEL;271;Giacca;VERCEL;4754;1;544575||475400000000;https://cdn.jooraccess.com/img/uploads/accounts/598756/images/j5aoSLy3SpGcnyj8xgSTPg_11423698476a56351b1f8bd8_10488971_03030060XX1.jpg;https://127-foto.netlify.app/198.jpg;VERCEL 4754(244);;;;
4;244;AUSTRALIA;244AUSTRALIA;271;Pantalone;AUSTRALIA;4754;5;544571||475400000000;https://cdn.jooraccess.com/img/uploads/accounts/598756/images/WEINocNMTsyaBtsOXg0YlA_19623923506a5634d60082c6_66859416_02990290XX1.jpg;https://127-foto.netlify.app/198.jpg;AUSTRALIA 4754(244);;;;
4;244;DANZANTI;244DANZANTI;271;Cintura;DANZANTI;1810 0002;99;544216||181000020000;https://cdn.jooraccess.com/img/uploads/accounts/598756/images/M7IJr1DnSNSgTmq2i6GDBA_3087071426a1450c956cf92_56584892_02970050XX1.jpg;https://127-foto.netlify.app/198.jpg;DANZANTI 1810 0002(244);;;;
4;244;NEUTRINO;244NEUTRINO;271;Bracciale;NEUTRINO;0201 0002;99;544360||20100020000;https://cdn.jooraccess.com/img/uploads/accounts/598756/images/cSmqXdcjSlWWENtE9crr1A_8204655606a14532dc6f1c6_80420471_02970500XX1.jpg;https://127-foto.netlify.app/198.jpg;NEUTRINO 0201 0002(244);;;;
4;244;ULLANO        B;244ULLANO        B;271;Calzature;ULLANO        B;49;99;544483||4900000000;https://cdn.jooraccess.com/img/uploads/accounts/598756/images/LFbr3MrZRrm_GbSwCPZkhA_20851971266a564345dfd0b4_67912225_03050770XX1.jpg;https://127-foto.netlify.app/198.jpg;ULLANO        B 49(244);;;;
4;245;CONIATURA;245CONIATURA;271;Pullover;CONIATURA;1842;4;100804||184200000000;https://cdn.jooraccess.com/img/uploads/accounts/598756/images/KnVViYAES0aHBrOU172HTw_8548029556a5635374ef434_42673170_03040400XX1.jpg;https://127-foto.netlify.app/197.jpg;CONIATURA 1842(245);;;;
4;245;AUSTRALIA;245AUSTRALIA;271;Pantalone;AUSTRALIA;4754;5;544571||475400000000;https://cdn.jooraccess.com/img/uploads/accounts/598756/images/WEINocNMTsyaBtsOXg0YlA_19623923506a5634d60082c6_66859416_02990290XX1.jpg;https://127-foto.netlify.app/197.jpg;AUSTRALIA 4754(245);;;;
4;245;NOBLE;245NOBLE;271;Orecchino;NOBLE;0002 0002;99;544358||200020000;0;https://127-foto.netlify.app/197.jpg;NOBLE 0002 0002(245);;;;
4;245;ULLANO        B;245ULLANO        B;271;Calzature;ULLANO        B;49;99;544483||4900000000;https://cdn.jooraccess.com/img/uploads/accounts/598756/images/LFbr3MrZRrm_GbSwCPZkhA_20851971266a564345dfd0b4_67912225_03050770XX1.jpg;https://127-foto.netlify.app/197.jpg;ULLANO        B 49(245);;;;
4;245;DAMIETTA;245DAMIETTA;271;Cintura;DAMIETTA;2;99;544486||200000000;https://cdn.jooraccess.com/img/uploads/accounts/598756/images/klaNMdKISpOxnwF12n9kWg_12483183316a145343c682c9_65526302_02971730XX1.jpg;https://127-foto.netlify.app/197.jpg;DAMIETTA 2(245);;;;
4;246;PASADO;246PASADO;271;Abito;PASADO;4754;7;544510||475400000000;https://cdn.jooraccess.com/img/uploads/accounts/598756/images/up5jE9YARfOGHP15B27xtg_9486278376a5634f02eb534_29954434_03010140XX1.jpg;https://127-foto.netlify.app/200.jpg;PASADO 4754(246);;;;
4;246;DANZANTI;246DANZANTI;271;Cintura;DANZANTI;1810 0002;99;544216||181000020000;https://cdn.jooraccess.com/img/uploads/accounts/598756/images/M7IJr1DnSNSgTmq2i6GDBA_3087071426a1450c956cf92_56584892_02970050XX1.jpg;https://127-foto.netlify.app/200.jpg;DANZANTI 1810 0002(246);;;;
4;246;NONA;246NONA;271;Bracciale;NONA;2;99;544361||200000000;https://cdn.jooraccess.com/img/uploads/accounts/598756/images/NCVbcOEzTZ-NyeviAg7xyQ_15946604066a14533a4d6852_60896697_02971370XX4.jpg;https://127-foto.netlify.app/200.jpg;NONA 2(246);;;;
4;246;ULLANO        B;246ULLANO        B;271;Calzature;ULLANO        B;49;99;544483||4900000000;https://cdn.jooraccess.com/img/uploads/accounts/598756/images/LFbr3MrZRrm_GbSwCPZkhA_20851971266a564345dfd0b4_67912225_03050770XX1.jpg;https://127-foto.netlify.app/200.jpg;ULLANO        B 49(246);;;;
4;247;BRAZI;247BRAZI;271;Camicia;BRAZI;1842;2;544492||184200000000;https://cdn.jooraccess.com/img/uploads/accounts/598756/images/jwVjvb8HS0CWviJ2cnaoaQ_14367974256a5634e4688825_58233626_03000340XX1.jpg;https://127-foto.netlify.app/195.jpg;BRAZI 1842(247);;;;
4;247;ALENA;247ALENA;271;Pantalone;ALENA;1842;5;544641||184200000000;https://cdn.jooraccess.com/img/uploads/accounts/598756/images/hKJxYGxFT7moWUfKqCUD7A_16661776166a5634ce74b9f3_51802426_02990150XX1.jpg;https://127-foto.netlify.app/195.jpg;ALENA 1842(247);;;;
4;247;DANZANTI;247DANZANTI;271;Cintura;DANZANTI;1810 0002;99;544216||181000020000;https://cdn.jooraccess.com/img/uploads/accounts/598756/images/M7IJr1DnSNSgTmq2i6GDBA_3087071426a1450c956cf92_56584892_02970050XX1.jpg;https://127-foto.netlify.app/195.jpg;DANZANTI 1810 0002(247);;;;
4;247;NUTRIENTE;247NUTRIENTE;271;Collana;NUTRIENTE;1840 0002;99;544260||184000020000;https://cdn.jooraccess.com/img/uploads/accounts/598756/images/NfS-szldQGyLj15Q-qbI8g_2965539826a56434135fe09_31530553_03050630XX1.jpg;https://127-foto.netlify.app/195.jpg;NUTRIENTE 1840 0002(247);;;;
4;247;NEVISCHIO     A;247NEVISCHIO     A;271;Orecchino;NEVISCHIO     A;2;99;544429||200000000;https://cdn.jooraccess.com/img/uploads/accounts/598756/images/DQWAE_vBS7i1YR1OzJeDhw_21086673106a1453421044e4_96117532_02971630XX1.jpg;https://127-foto.netlify.app/195.jpg;NEVISCHIO     A 2(247);;;;
4;247;ULTEN         A;247ULTEN         A;271;Calzature;ULTEN         A;2;99;544635||200000000;https://cdn.jooraccess.com/img/uploads/accounts/598756/images/ULTEN_200000000.jpg;https://127-foto.netlify.app/195.jpg;ULTEN         A 2(247);;;;
4;248;BARCATA;248BARCATA;271;Camicia;BARCATA;3387;2;544321||338700000000;https://cdn.jooraccess.com/img/uploads/accounts/598756/images/6HG5KLbhTzmqMWyfkAsXPg_2829081896a5634dc73bc12_05112547_03000120XX1.jpg;https://127-foto.netlify.app/245.jpg;BARCATA 3387(248);;;;
4;248;AVOLA         A;248AVOLA         A;271;Bermuda;AVOLA         A;201;5;544633||20100000000;https://cdn.jooraccess.com/img/uploads/accounts/598756/images/S54U72SeR2OG_22Y4lOXZg_9861788536a5634d6dc5259_11580725_02990310XX1.jpg;https://127-foto.netlify.app/245.jpg;AVOLA         A 201(248);;;;
4;248;IAPIGE;248IAPIGE;271;Borsa;IAPIGE;2339 0002;99;544272||233900020000;https://cdn.jooraccess.com/img/uploads/accounts/598756/images/cvf7J-0iQ4ecP4xpRAXFnA_4276540736a1453282dde79_10220699_02970160XX1.jpg;https://127-foto.netlify.app/245.jpg;IAPIGE 2339 0002(248);;;;
4;248;NEVISCHIO     A;248NEVISCHIO     A;271;Orecchino;NEVISCHIO     A;2;99;544429||200000000;https://cdn.jooraccess.com/img/uploads/accounts/598756/images/DQWAE_vBS7i1YR1OzJeDhw_21086673106a1453421044e4_96117532_02971630XX1.jpg;https://127-foto.netlify.app/245.jpg;NEVISCHIO     A 2(248);;;;
4;248;UMBERINO      A;248UMBERINO      A;271;Calzature;UMBERINO      A;2339;99;544464||233900000000;https://cdn.jooraccess.com/img/uploads/accounts/598756/images/BzP2Kd-kRe-WbaI2eUQcgQ_10356781886a145333bffbe9_96445397_02971220XX1.jpg;https://127-foto.netlify.app/245.jpg;UMBERINO      A 2339(248);;;;
4;249;PRILLY;249PRILLY;271;Abito;PRILLY;1842;7;544224||184200000000;https://cdn.jooraccess.com/img/uploads/accounts/598756/images/tGeCNjo8QOGM9BkeyAJVsw_8098943486a5634f90bd034_94306850_03010320XX1.jpg;https://127-foto.netlify.app/196.jpg;PRILLY 1842(249);;;;
4;249;NUTRIENTE;249NUTRIENTE;271;Collana;NUTRIENTE;1840 0002;99;544260||184000020000;https://cdn.jooraccess.com/img/uploads/accounts/598756/images/NfS-szldQGyLj15Q-qbI8g_2965539826a56434135fe09_31530553_03050630XX1.jpg;https://127-foto.netlify.app/196.jpg;NUTRIENTE 1840 0002(249);;;;
4;249;NONA;249NONA;271;Bracciale;NONA;2;99;544361||200000000;https://cdn.jooraccess.com/img/uploads/accounts/598756/images/NCVbcOEzTZ-NyeviAg7xyQ_15946604066a14533a4d6852_60896697_02971370XX4.jpg;https://127-foto.netlify.app/196.jpg;NONA 2(249);;;;
4;249;NEVISCHIO     A;249NEVISCHIO     A;271;Orecchino;NEVISCHIO     A;2;99;544429||200000000;https://cdn.jooraccess.com/img/uploads/accounts/598756/images/DQWAE_vBS7i1YR1OzJeDhw_21086673106a1453421044e4_96117532_02971630XX1.jpg;https://127-foto.netlify.app/196.jpg;NEVISCHIO     A 2(249);;;;
4;249;ULLANO        B;249ULLANO        B;271;Calzature;ULLANO        B;49;99;544483||4900000000;https://cdn.jooraccess.com/img/uploads/accounts/598756/images/LFbr3MrZRrm_GbSwCPZkhA_20851971266a564345dfd0b4_67912225_03050770XX1.jpg;https://127-foto.netlify.app/196.jpg;ULLANO        B 49(249);;;;
4;249;ILLASI        B;249ILLASI        B;271;Borsa;ILLASI        B;1840 0002;99;544637||184000020000;https://cdn.jooraccess.com/img/uploads/accounts/598756/images/ILLASIA_184000020000.jpg;https://127-foto.netlify.app/196.jpg;ILLASI        B 1840 0002(249);;;;
16;250;CABRERA;250CABRERA;271;Pullover;CABRERA;101;4;100840||10100000000;https://cdn.jooraccess.com/img/uploads/accounts/598756/images/_Vu5iwfWTfGrb94f-ro4Aw_12985353886a5635245f85a1_45364954_03040050XX1.jpg;https://127-foto.netlify.app/222.jpg;CABRERA 101(250);;;;
16;250;AMATORE       B;250AMATORE       B;271;Pantalone;AMATORE       B;101;5;544453||10100000000;https://cdn.jooraccess.com/img/uploads/accounts/598756/images/jyPidDAdR-uRgXTBOcEbxA_451989336a5634cbac1730_98137231_02990090XX1.jpg;https://127-foto.netlify.app/222.jpg;AMATORE       B 101(250);;;;
16;250;NAIDONA;250NAIDONA;271;Collana;NAIDONA;0101 0002;99;544268||10100020000;https://cdn.jooraccess.com/img/uploads/accounts/598756/images/TcA9RnOhQFaFNznDn8pqWg_3300661216a1450cd46b128_00184048_02970290XX1.jpg;https://127-foto.netlify.app/222.jpg;NAIDONA 0101 0002(250);;;;
16;250;XGINEVRA;250XGINEVRA;271;Occhiali Sole;XGINEVRA;0101 0002;99;544316||10100020000;https://cdn.jooraccess.com/img/uploads/accounts/598756/images/84ZdHDm-TmOwh5SxtnSO8g_7747925676a1453372ead67_25970379_02971300XX1.jpg;https://127-foto.netlify.app/222.jpg;XGINEVRA 0101 0002(250);;;;
16;250;IMPARI;250IMPARI;271;Borsa;IMPARI;0101 3572 0002;99;544328||10135720002;https://cdn.jooraccess.com/img/uploads/accounts/598756/images/eMLxQ9WkT3ql06kmm_JdCA_997738926a564333b45c86_35258021_03050300XX1.jpg;https://127-foto.netlify.app/222.jpg;IMPARI 0101 3572 0002(250);;;;
16;250;NEMBO;250NEMBO;271;Bracciale;NEMBO;2;99;544362||200000000;https://cdn.jooraccess.com/img/uploads/accounts/598756/images/xLITR-bmTpifPcpfySI7HA_11425679496a14532a752617_68673182_02970400XX1.jpg;https://127-foto.netlify.app/222.jpg;NEMBO 2(250);;;;
16;250;ULLANO        B;250ULLANO        B;271;Calzature;ULLANO        B;49;99;544483||4900000000;https://cdn.jooraccess.com/img/uploads/accounts/598756/images/LFbr3MrZRrm_GbSwCPZkhA_20851971266a564345dfd0b4_67912225_03050770XX1.jpg;https://127-foto.netlify.app/222.jpg;ULLANO        B 49(250);;;;
16;250;DIALETTICA    A;250DIALETTICA    A;271;Cintura;DIALETTICA    A;3284 0002;99;544528||328400020000;https://cdn.jooraccess.com/img/uploads/accounts/598756/images/Vhs_wv3vRR2mUhzepTbLQA_8043115996a56432e2da9c2_32497389_03050130XX1.jpg;https://127-foto.netlify.app/222.jpg;DIALETTICA    A 3284 0002(250);;;;
16;251;PLANATA;251PLANATA;271;Abito;PLANATA;4740;7;544228||474000000000;https://cdn.jooraccess.com/img/uploads/accounts/598756/images/5Xy4RNxZTdmTFuXnhjlrsQ_9021843416a5634f40afd13_46196980_03010220XX1.jpg;https://127-foto.netlify.app/242.jpg;PLANATA 4740(251);;;;
16;251;NAIDONA;251NAIDONA;271;Collana;NAIDONA;0101 0002;99;544268||10100020000;https://cdn.jooraccess.com/img/uploads/accounts/598756/images/TcA9RnOhQFaFNznDn8pqWg_3300661216a1450cd46b128_00184048_02970290XX1.jpg;https://127-foto.netlify.app/242.jpg;NAIDONA 0101 0002(251);;;;
16;251;NEVISCHIO     A;251NEVISCHIO     A;271;Orecchino;NEVISCHIO     A;2;99;544429||200000000;https://cdn.jooraccess.com/img/uploads/accounts/598756/images/DQWAE_vBS7i1YR1OzJeDhw_21086673106a1453421044e4_96117532_02971630XX1.jpg;https://127-foto.netlify.app/242.jpg;NEVISCHIO     A 2(251);;;;
16;251;LS1928P       B;251LS1928P       B;271;Borsa;LS1928P       B;0101 0038;99;544481||10100380000;https://cdn.jooraccess.com/img/uploads/accounts/598756/images/PGeRvqtlS4u_xry_sApRJg_14868631046a0ef8986487a6_81983356.jpg;https://127-foto.netlify.app/242.jpg;LS1928P       B 0101 0038(251);;;;
16;251;ULTEN         A;251ULTEN         A;271;Calzature;ULTEN         A;2;99;544635||200000000;https://cdn.jooraccess.com/img/uploads/accounts/598756/images/ULTEN_200000000.jpg;https://127-foto.netlify.app/242.jpg;ULTEN         A 2(251);;;;
16;252;BRIOSITA;252BRIOSITA;271;Camicia;BRIOSITA;101;2;544494||10100000000;https://cdn.jooraccess.com/img/uploads/accounts/598756/images/3Bqu6XEcRgOFt4zNDnUEFg_1719308176a5634e6379cc7_48626525_03000380XX1.jpg;https://127-foto.netlify.app/244.jpg;BRIOSITA 101(252);;;;
16;252;TAMARICE;252TAMARICE;271;Gonna;TAMARICE;101;6;544628||10100000000;https://cdn.jooraccess.com/img/uploads/accounts/598756/images/eKnkjgOoRRSSdfSh5Ni4ow_8626952716a563514d30146_99169563_03020040XX1.jpg;https://127-foto.netlify.app/244.jpg;TAMARICE 101(252);;;;
16;252;ROMANA;252ROMANA;271;Foulard;ROMANA;4751;99;544285||475100000000;https://cdn.jooraccess.com/img/uploads/accounts/598756/images/xSBbjVtiQlqRhsp5NnLcrw_15286557216a564344926b86_26953958_03050740XX1.jpg;https://127-foto.netlify.app/244.jpg;ROMANA 4751(252);;;;
16;252;XAURORA;252XAURORA;271;Occhiali Sole;XAURORA;0101 0002;99;544317||10100020000;https://cdn.jooraccess.com/img/uploads/accounts/598756/images/fnyk7LQdQ4qYb5fy9yk4Iw_6977136496a145336c0ca77_10334535_02971290XX1.jpg;https://127-foto.netlify.app/244.jpg;XAURORA 0101 0002(252);;;;
16;252;NEVISCHIO     A;252NEVISCHIO     A;271;Orecchino;NEVISCHIO     A;2;99;544429||200000000;https://cdn.jooraccess.com/img/uploads/accounts/598756/images/DQWAE_vBS7i1YR1OzJeDhw_21086673106a1453421044e4_96117532_02971630XX1.jpg;https://127-foto.netlify.app/244.jpg;NEVISCHIO     A 2(252);;;;
16;252;ULLANO        B;252ULLANO        B;271;Calzature;ULLANO        B;49;99;544483||4900000000;https://cdn.jooraccess.com/img/uploads/accounts/598756/images/LFbr3MrZRrm_GbSwCPZkhA_20851971266a564345dfd0b4_67912225_03050770XX1.jpg;https://127-foto.netlify.app/244.jpg;ULLANO        B 49(252);;;;
16;253;CONVIVIALE;253CONVIVIALE;271;Pullover;CONVIVIALE;0215 0101;4;100818||21501010000;https://cdn.jooraccess.com/img/uploads/accounts/598756/images/lRmGv5xESD6u3DOBco0btw_10656475926a56353a3bada7_89158010_03040470XX1.jpg;https://127-foto.netlify.app/224.jpg;CONVIVIALE 0215 0101(253);;;;
16;253;AVOLA         A;253AVOLA         A;271;Bermuda;AVOLA         A;101;5;544633||10100000000;https://cdn.jooraccess.com/img/uploads/accounts/598756/images/753BmPjOSAOjnmUnOCI_GQ_3950283866a5634d6727ce7_16492730_02990300XX1.jpg;https://127-foto.netlify.app/224.jpg;AVOLA         A 101(253);;;;
16;253;IAPIGE;253IAPIGE;271;Borsa;IAPIGE;0227 0002;99;544272||22700020000;https://cdn.jooraccess.com/img/uploads/accounts/598756/images/fvTrCNg6SbCSXB8ct9rySQ_13979748506a14532752f147_81983578_02970130XX1.jpg;https://127-foto.netlify.app/224.jpg;IAPIGE 0227 0002(253);;;;
16;253;XAURORA;253XAURORA;271;Occhiali Sole;XAURORA;0101 0002;99;544317||10100020000;https://cdn.jooraccess.com/img/uploads/accounts/598756/images/fnyk7LQdQ4qYb5fy9yk4Iw_6977136496a145336c0ca77_10334535_02971290XX1.jpg;https://127-foto.netlify.app/224.jpg;XAURORA 0101 0002(253);;;;
16;253;USTI;253USTI;271;Calzature;USTI;1176 0002;99;544466||117600020000;https://cdn.jooraccess.com/img/uploads/accounts/598756/images/_VBj_kwbTWuHiZddo-Afig_7783833586a564346bc8ec7_66150361_03050790XX1.jpg;https://127-foto.netlify.app/224.jpg;USTI 1176 0002(253);;;;
17;254;PALMIRA;254PALMIRA;271;Abito;PALMIRA;101;7;544539||10100000000;https://cdn.jooraccess.com/img/uploads/accounts/598756/images/bk96LEpqRtewWbBOFXGcgw_13115557806a5634ec884e54_27094205_03010070XX1.jpg;https://127-foto.netlify.app/243.jpg;PALMIRA 101(254);;;;
17;254;IAPIGE;254IAPIGE;271;Borsa;IAPIGE;2264 0002;99;544272||226400020000;https://cdn.jooraccess.com/img/uploads/accounts/598756/images/zJZAly2zQS-u2eAs4ykTOg_16970615336a145327b51567_35646153_02970150XX1.jpg;https://127-foto.netlify.app/243.jpg;IAPIGE 2264 0002(254);;;;
17;254;USCITA;254USCITA;271;Calzature;USCITA;2264 2264;99;544431||226422640000;#N/D;https://127-foto.netlify.app/243.jpg;USCITA 2264 2264(254);;;;
17;254;NEVIGLIE;254NEVIGLIE;271;Orecchino;NEVIGLIE;0574 0927 0002;99;544457||57409270002;https://cdn.jooraccess.com/img/uploads/accounts/598756/images/K3ZDNI-eRU-cv2BQEK5HtQ_19105815366a145340d5b679_49273593_02971610XX1.jpg;https://127-foto.netlify.app/243.jpg;NEVIGLIE 0574 0927 0002(254);;;;
17;254;DENARI        A;254DENARI        A;271;Cintura;DENARI        A;1190 2243 0002;99;544527||119022430002;https://cdn.jooraccess.com/img/uploads/accounts/598756/images/5LbhtGMVSC-QEg4WY3qaGw_15407108866a56432ccf3923_24458432_03050080XX1.jpg;https://127-foto.netlify.app/243.jpg;DENARI        A 1190 2243 0002(254);;;;
16;255;CICLIDE;255CICLIDE;271;Abito;CICLIDE;101;7;100851||10100000000;https://cdn.jooraccess.com/img/uploads/accounts/598756/images/1RG9-rajSO25zAMYFB-XWg_11044582466a56352cf16b67_55496308_03040220XX1.jpg;https://127-foto.netlify.app/221.jpg;CICLIDE 101(255);;;;
16;255;IMPARI;255IMPARI;271;Borsa;IMPARI;0101 3572 0002;99;544328||10135720002;https://cdn.jooraccess.com/img/uploads/accounts/598756/images/eMLxQ9WkT3ql06kmm_JdCA_997738926a564333b45c86_35258021_03050300XX1.jpg;https://127-foto.netlify.app/221.jpg;IMPARI 0101 3572 0002(255);;;;
16;255;NEMBO;255NEMBO;271;Bracciale;NEMBO;2;99;544362||200000000;https://cdn.jooraccess.com/img/uploads/accounts/598756/images/xLITR-bmTpifPcpfySI7HA_11425679496a14532a752617_68673182_02970400XX1.jpg;https://127-foto.netlify.app/221.jpg;NEMBO 2(255);;;;
16;255;DUCHESSE;255DUCHESSE;271;Cintura;DUCHESSE;2;99;544367||200000000;https://cdn.jooraccess.com/img/uploads/accounts/598756/images/oL3TJCuxQ62m5IEWR6Accg_19533515566a1453254050b7_39777174_02970040XX1.jpg;https://127-foto.netlify.app/221.jpg;DUCHESSE 2(255);;;;
16;255;NEVISCHIO     A;255NEVISCHIO     A;271;Orecchino;NEVISCHIO     A;2;99;544429||200000000;https://cdn.jooraccess.com/img/uploads/accounts/598756/images/DQWAE_vBS7i1YR1OzJeDhw_21086673106a1453421044e4_96117532_02971630XX1.jpg;https://127-foto.netlify.app/221.jpg;NEVISCHIO     A 2(255);;;;
16;255;ULLANO        B;255ULLANO        B;271;Calzature;ULLANO        B;49;99;544483||4900000000;https://cdn.jooraccess.com/img/uploads/accounts/598756/images/LFbr3MrZRrm_GbSwCPZkhA_20851971266a564345dfd0b4_67912225_03050770XX1.jpg;https://127-foto.netlify.app/221.jpg;ULLANO        B 49(255);;;;
17;256;CALIGA;256CALIGA;271;Giacca;CALIGA;0101 3542;1;100809||10135420000;https://cdn.jooraccess.com/img/uploads/accounts/598756/images/P0Ss73dIQtyqpPLa7faQ7w_2581369286a563526bf1b11_84004182_03040090XX1.jpg;https://127-foto.netlify.app/226.jpg;CALIGA 0101 3542(256);;;;
17;256;ANIDRO;256ANIDRO;271;Pantalone;ANIDRO;101;5;544585||10100000000;https://cdn.jooraccess.com/img/uploads/accounts/598756/images/cUh00xM-SvG7L0YsFJa3cw_14131799846a5634cd090aa7_04383674_02990120XX1.jpg;https://127-foto.netlify.app/226.jpg;ANIDRO 101(256);;;;
17;256;NOBLE;256NOBLE;271;Orecchino;NOBLE;0002 0002;99;544358||200020000;0;https://127-foto.netlify.app/226.jpg;NOBLE 0002 0002(256);;;;
17;256;NEUTRINO;256NEUTRINO;271;Bracciale;NEUTRINO;0101 0002;99;544360||10100020000;0;https://127-foto.netlify.app/226.jpg;NEUTRINO 0101 0002(256);;;;
17;256;LS1928P       B;256LS1928P       B;271;Borsa;LS1928P       B;0101 0038;99;544481||10100380000;https://cdn.jooraccess.com/img/uploads/accounts/598756/images/PGeRvqtlS4u_xry_sApRJg_14868631046a0ef8986487a6_81983356.jpg;https://127-foto.netlify.app/226.jpg;LS1928P       B 0101 0038(256);;;;
17;256;ULLANO        B;256ULLANO        B;271;Calzature;ULLANO        B;49;99;544483||4900000000;https://cdn.jooraccess.com/img/uploads/accounts/598756/images/LFbr3MrZRrm_GbSwCPZkhA_20851971266a564345dfd0b4_67912225_03050770XX1.jpg;https://127-foto.netlify.app/226.jpg;ULLANO        B 49(256);;;;
17;256;DAMIETTA;256DAMIETTA;271;Cintura;DAMIETTA;2;99;544486||200000000;https://cdn.jooraccess.com/img/uploads/accounts/598756/images/klaNMdKISpOxnwF12n9kWg_12483183316a145343c682c9_65526302_02971730XX1.jpg;https://127-foto.netlify.app/226.jpg;DAMIETTA 2(256);;;;
17;257;VORACITA;257VORACITA;271;Giacca;VORACITA;101;1;544057||10100000000;https://cdn.jooraccess.com/img/uploads/accounts/598756/images/Vp_EWT5NTbyDWuUtsoHAnA_12779306586a56352108a382_37180597_03030160XX1.jpg;https://127-foto.netlify.app/225.jpg;VORACITA 101(257);;;;
17;257;ANIDRO;257ANIDRO;271;Pantalone;ANIDRO;101;5;544585||10100000000;https://cdn.jooraccess.com/img/uploads/accounts/598756/images/cUh00xM-SvG7L0YsFJa3cw_14131799846a5634cd090aa7_04383674_02990120XX1.jpg;https://127-foto.netlify.app/225.jpg;ANIDRO 101(257);;;;
17;257;NONA;257NONA;271;Bracciale;NONA;2;99;544361||200000000;https://cdn.jooraccess.com/img/uploads/accounts/598756/images/NCVbcOEzTZ-NyeviAg7xyQ_15946604066a14533a4d6852_60896697_02971370XX4.jpg;https://127-foto.netlify.app/225.jpg;NONA 2(257);;;;
17;257;NEVISCHIO     A;257NEVISCHIO     A;271;Orecchino;NEVISCHIO     A;2;99;544429||200000000;https://cdn.jooraccess.com/img/uploads/accounts/598756/images/DQWAE_vBS7i1YR1OzJeDhw_21086673106a1453421044e4_96117532_02971630XX1.jpg;https://127-foto.netlify.app/225.jpg;NEVISCHIO     A 2(257);;;;
17;257;ULLANO        B;257ULLANO        B;271;Calzature;ULLANO        B;49;99;544483||4900000000;https://cdn.jooraccess.com/img/uploads/accounts/598756/images/LFbr3MrZRrm_GbSwCPZkhA_20851971266a564345dfd0b4_67912225_03050770XX1.jpg;https://127-foto.netlify.app/225.jpg;ULLANO        B 49(257);;;;
16;258;CABRATA;258CABRATA;271;Giacca;CABRATA;0101 0202 0205;1;100817||10102020205;https://cdn.jooraccess.com/img/uploads/accounts/598756/images/zXUxjIawSBODR0TLmcAs2A_19816471146a5635232da3d5_49651766_03040030XX1.jpg;https://127-foto.netlify.app/223.jpg;CABRATA 0101 0202 0205(258);;;;
16;258;AMATORE       B;258AMATORE       B;271;Pantalone;AMATORE       B;101;5;544453||10100000000;https://cdn.jooraccess.com/img/uploads/accounts/598756/images/jyPidDAdR-uRgXTBOcEbxA_451989336a5634cbac1730_98137231_02990090XX1.jpg;https://127-foto.netlify.app/223.jpg;AMATORE       B 101(258);;;;
16;258;NOBLE;258NOBLE;271;Orecchino;NOBLE;0101 0002;99;544358||10100020000;#N/D;https://127-foto.netlify.app/223.jpg;NOBLE 0101 0002(258);;;;
16;258;NEUTRINO;258NEUTRINO;271;Bracciale;NEUTRINO;0201 0002;99;544360||20100020000;https://cdn.jooraccess.com/img/uploads/accounts/598756/images/cSmqXdcjSlWWENtE9crr1A_8204655606a14532dc6f1c6_80420471_02970500XX1.jpg;https://127-foto.netlify.app/223.jpg;NEUTRINO 0201 0002(258);;;;
16;258;LS1928P       B;258LS1928P       B;271;Borsa;LS1928P       B;0101 0038;99;544481||10100380000;https://cdn.jooraccess.com/img/uploads/accounts/598756/images/PGeRvqtlS4u_xry_sApRJg_14868631046a0ef8986487a6_81983356.jpg;https://127-foto.netlify.app/223.jpg;LS1928P       B 0101 0038(258);;;;
16;258;ULLANO        B;258ULLANO        B;271;Calzature;ULLANO        B;49;99;544483||4900000000;https://cdn.jooraccess.com/img/uploads/accounts/598756/images/LFbr3MrZRrm_GbSwCPZkhA_20851971266a564345dfd0b4_67912225_03050770XX1.jpg;https://127-foto.netlify.app/223.jpg;ULLANO        B 49(258);;;;
17;259;CERCHIETTO;259CERCHIETTO;271;Abito;CERCHIETTO;0101 3542;7;100801||10135420000;https://cdn.jooraccess.com/img/uploads/accounts/598756/images/j6vW_poEQ-iPkA6JOWjq-Q_19104609956a56352c66e180_78988656_03040210XX1.jpg;https://127-foto.netlify.app/227.jpg;CERCHIETTO 0101 3542(259);;;;
17;259;NOBLE;259NOBLE;271;Orecchino;NOBLE;0002 0002;99;544358||200020000;0;https://127-foto.netlify.app/227.jpg;NOBLE 0002 0002(259);;;;
17;259;NEUTRINO;259NEUTRINO;271;Bracciale;NEUTRINO;0101 0002;99;544360||10100020000;0;https://127-foto.netlify.app/227.jpg;NEUTRINO 0101 0002(259);;;;
17;259;LS1928P       B;259LS1928P       B;271;Borsa;LS1928P       B;0221 0038;99;544481||22100380000;https://cdn.jooraccess.com/img/uploads/accounts/598756/images/kJjPFSJqR5ufS2w392ZBSQ_19968737366a0efa467d1476_80095087.jpg;https://127-foto.netlify.app/227.jpg;LS1928P       B 0221 0038(259);;;;
17;259;ULLANO        B;259ULLANO        B;271;Calzature;ULLANO        B;49;99;544483||4900000000;https://cdn.jooraccess.com/img/uploads/accounts/598756/images/LFbr3MrZRrm_GbSwCPZkhA_20851971266a564345dfd0b4_67912225_03050770XX1.jpg;https://127-foto.netlify.app/227.jpg;ULLANO        B 49(259);;;;
17;260;BALALAICA;260BALALAICA;271;Camicia;BALALAICA;202;2;544303||20200000000;https://cdn.jooraccess.com/img/uploads/accounts/598756/images/AV_GcUuZSHmn9RLYJX1pAA_18605095606a1452434b3959_46868988_02910060XX1.jpg;https://127-foto.netlify.app/267.jpg;BALALAICA 202(260);;;;
17;260;AQUIL         J;260AQUIL         J;271;Pantalone;AQUIL         J;202;5;544304||20200000000;https://cdn.jooraccess.com/img/uploads/accounts/598756/images/AQUILF_20200000000 (3).jpg;https://127-foto.netlify.app/267.jpg;AQUIL         J 202(260);;;;
17;260;NESLIA;260NESLIA;271;Orecchino;NESLIA;0001 0002;99;544374||100020000;#N/D;https://127-foto.netlify.app/267.jpg;NESLIA 0001 0002(260);;;;
17;260;NESCIO        A;260NESCIO        A;271;Spilla;NESCIO        A;0001 0002;99;544461||100020000;https://cdn.jooraccess.com/img/uploads/accounts/598756/images/qSvSmm_VTBqXwcarEpABjg_11103022446a564336e89c93_65856896_03050380XX1.jpg;https://127-foto.netlify.app/267.jpg;NESCIO        A 0001 0002(260);;;;
17;260;IGLESIAS      C;260IGLESIAS      C;271;Borsa Elegante;IGLESIAS      C;0001 0002;99;544482||100020000;https://cdn.jooraccess.com/img/uploads/accounts/598756/images/wXTOZtvnSL6UH9cdKRL5xA_6448802356a56433107eee9_94519357_03050240XX1.jpg;https://127-foto.netlify.app/267.jpg;IGLESIAS      C 0001 0002(260);;;;
17;260;ULLANO        B;260ULLANO        B;271;Calzature;ULLANO        B;49;99;544483||4900000000;https://cdn.jooraccess.com/img/uploads/accounts/598756/images/LFbr3MrZRrm_GbSwCPZkhA_20851971266a564345dfd0b4_67912225_03050770XX1.jpg;https://127-foto.netlify.app/267.jpg;ULLANO        B 49(260);;;;
17;261;BALALAICA;261BALALAICA;271;Camicia;BALALAICA;101;2;544303||10100000000;https://cdn.jooraccess.com/img/uploads/accounts/598756/images/QHw1_bMhQpCiasLrqNfACw_7113702176a5634d9a7d093_44566419_03000050XX1.jpg;https://127-foto.netlify.app/268.jpg;BALALAICA 101(261);;;;
17;261;AQUIL         J;261AQUIL         J;271;Pantalone;AQUIL         J;101;5;544304||10100000000;https://cdn.jooraccess.com/img/uploads/accounts/598756/images/nox6IwexQpaHM01-KpAk8Q_13310312756a0ef53bbdf1e2_90387704.jpg;https://127-foto.netlify.app/268.jpg;AQUIL         J 101(261);;;;
17;261;NESLIA;261NESLIA;271;Orecchino;NESLIA;0001 0002;99;544374||100020000;#N/D;https://127-foto.netlify.app/268.jpg;NESLIA 0001 0002(261);;;;
17;261;NESCIO        A;261NESCIO        A;271;Spilla;NESCIO        A;0001 0002;99;544461||100020000;https://cdn.jooraccess.com/img/uploads/accounts/598756/images/qSvSmm_VTBqXwcarEpABjg_11103022446a564336e89c93_65856896_03050380XX1.jpg;https://127-foto.netlify.app/268.jpg;NESCIO        A 0001 0002(261);;;;
17;261;ULLANO        B;261ULLANO        B;271;Calzature;ULLANO        B;49;99;544483||4900000000;https://cdn.jooraccess.com/img/uploads/accounts/598756/images/LFbr3MrZRrm_GbSwCPZkhA_20851971266a564345dfd0b4_67912225_03050770XX1.jpg;https://127-foto.netlify.app/268.jpg;ULLANO        B 49(261);;;;
17;261;NORRENI       A;261NORRENI       A;271;Bracciale;NORRENI       A;0001 0002;99;544521||100020000;https://cdn.jooraccess.com/img/uploads/accounts/598756/images/1PlISX0OTxOSrsoFuDS2MQ_3563719746a56433f014874_84367126_03050560XX1.jpg;https://127-foto.netlify.app/268.jpg;NORRENI       A 0001 0002(261);;;;
17;262;BAIETTA;262BAIETTA;271;Top;BAIETTA;101;3;544514||10100000000;https://cdn.jooraccess.com/img/uploads/accounts/598756/images/wH9HWvgzQDe5Fc5Us4HuFw_5507979336a5634d8498127_16673307_03000020XX1.jpg;https://127-foto.netlify.app/270.jpg;BAIETTA 101(262);;;;
17;262;ARCHIMEDE     A;262ARCHIMEDE     A;271;Pantalone;ARCHIMEDE     A;101;5;544296||10100000000;https://cdn.jooraccess.com/img/uploads/accounts/598756/images/I7vasG44R6KBinaZfCFdQA_5509927826a1452354b9987_53001828_02900290XX1.jpg;https://127-foto.netlify.app/270.jpg;ARCHIMEDE     A 101(262);;;;
17;262;ILLUSIVO;262ILLUSIVO;271;Borsa Elegante;ILLUSIVO;0101 0002;99;544198||10100020000;https://cdn.jooraccess.com/img/uploads/accounts/598756/images/8Ym96RLgRECBZ97ahhC1Qw_19829283306a56433179a199_96083636_03050250XX1.jpg;https://127-foto.netlify.app/270.jpg;ILLUSIVO 0101 0002(262);;;;
17;262;NORMALE;262NORMALE;271;Orecchino;NORMALE;0001 0002;99;544389||100020000;https://cdn.jooraccess.com/img/uploads/accounts/598756/images/SWQJKiLaRT-MjLCakEdMKQ_19069769546a14533cc097f4_53200427_02971420XX1.jpg;https://127-foto.netlify.app/270.jpg;NORMALE 0001 0002(262);;;;
17;262;ULLANO        B;262ULLANO        B;271;Calzature;ULLANO        B;49;99;544483||4900000000;https://cdn.jooraccess.com/img/uploads/accounts/598756/images/LFbr3MrZRrm_GbSwCPZkhA_20851971266a564345dfd0b4_67912225_03050770XX1.jpg;https://127-foto.netlify.app/270.jpg;ULLANO        B 49(262);;;;
17;262;NORRENI       A;262NORRENI       A;271;Bracciale;NORRENI       A;0001 0002;99;544521||100020000;https://cdn.jooraccess.com/img/uploads/accounts/598756/images/1PlISX0OTxOSrsoFuDS2MQ_3563719746a56433f014874_84367126_03050560XX1.jpg;https://127-foto.netlify.app/270.jpg;NORRENI       A 0001 0002(262);;;;
17;262;DOCENZA       A;262DOCENZA       A;271;Cintura;DOCENZA       A;0001 0002;99;544522||100020000;https://cdn.jooraccess.com/img/uploads/accounts/598756/images/DOCENZA_100020000.jpg;https://127-foto.netlify.app/270.jpg;DOCENZA       A 0001 0002(262);;;;
21;263;BAIETTA;263BAIETTA;271;Top;BAIETTA;202;3;544514||20200000000;https://cdn.jooraccess.com/img/uploads/accounts/598756/images/eRxjoIffRdabaBfTvGDvjA_17509833196a5634d8b0a885_87249773_03000030XX1.jpg;https://127-foto.netlify.app/271.jpg;BAIETTA 202(263);;;;
21;263;ARCHIMEDE     A;263ARCHIMEDE     A;271;Pantalone;ARCHIMEDE     A;101;5;544296||10100000000;https://cdn.jooraccess.com/img/uploads/accounts/598756/images/I7vasG44R6KBinaZfCFdQA_5509927826a1452354b9987_53001828_02900290XX1.jpg;https://127-foto.netlify.app/271.jpg;ARCHIMEDE     A 101(263);;;;
21;263;ILLUSIVO;263ILLUSIVO;271;Borsa Elegante;ILLUSIVO;0101 0002;99;544198||10100020000;https://cdn.jooraccess.com/img/uploads/accounts/598756/images/8Ym96RLgRECBZ97ahhC1Qw_19829283306a56433179a199_96083636_03050250XX1.jpg;https://127-foto.netlify.app/271.jpg;ILLUSIVO 0101 0002(263);;;;
21;263;NORMALE;263NORMALE;271;Orecchino;NORMALE;0001 0002;99;544389||100020000;https://cdn.jooraccess.com/img/uploads/accounts/598756/images/SWQJKiLaRT-MjLCakEdMKQ_19069769546a14533cc097f4_53200427_02971420XX1.jpg;https://127-foto.netlify.app/271.jpg;NORMALE 0001 0002(263);;;;
21;263;ULLANO        B;263ULLANO        B;271;Calzature;ULLANO        B;49;99;544483||4900000000;https://cdn.jooraccess.com/img/uploads/accounts/598756/images/LFbr3MrZRrm_GbSwCPZkhA_20851971266a564345dfd0b4_67912225_03050770XX1.jpg;https://127-foto.netlify.app/271.jpg;ULLANO        B 49(263);;;;
21;263;NEIRONE       A;263NEIRONE       A;271;Bracciale;NEIRONE       A;0001 0002;99;544520||100020000;https://cdn.jooraccess.com/img/uploads/accounts/598756/images/gJTR51VhTYa2guDKxYbh-Q_7961393636a5643367c8222_28885607_03050360XX1.jpg;https://127-foto.netlify.app/271.jpg;NEIRONE       A 0001 0002(263);;;;
21;263;DOCENZA       A;263DOCENZA       A;271;Cintura;DOCENZA       A;0001 0002;99;544522||100020000;https://cdn.jooraccess.com/img/uploads/accounts/598756/images/DOCENZA_100020000.jpg;https://127-foto.netlify.app/271.jpg;DOCENZA       A 0001 0002(263);;;;
18;264;PALAM;264PALAM;271;Abito;PALAM;3533;7;544541||353300000000;https://cdn.jooraccess.com/img/uploads/accounts/598756/images/HApn-7FBQYCf76ESqTZgxA_19340497756a5634ec1a5e74_42744391_03010060XX1.jpg;https://127-foto.netlify.app/284.jpg;PALAM 3533(264);;;;
18;264;IMAGINE;264IMAGINE;271;Borsa Elegante;IMAGINE;0308 0002;99;544197||30800020000;https://cdn.jooraccess.com/img/uploads/accounts/598756/images/WhatsApp_Image_2026-05-26_at_17.11.48-removebg-preview.png;https://127-foto.netlify.app/284.jpg;IMAGINE 0308 0002(264);;;;
18;264;DANIELINA     A;264DANIELINA     A;271;Cintura;DANIELINA     A;2122 0002;99;544213||212200020000;https://cdn.jooraccess.com/img/uploads/accounts/598756/images/rhlTaNlzTWCCMkak9izBng_13244460436a1450c71f4595_33902828_02970020XX1.jpg;https://127-foto.netlify.app/284.jpg;DANIELINA     A 2122 0002(264);;;;
18;264;NEUTRINO;264NEUTRINO;271;Bracciale;NEUTRINO;0201 0002;99;544360||20100020000;https://cdn.jooraccess.com/img/uploads/accounts/598756/images/cSmqXdcjSlWWENtE9crr1A_8204655606a14532dc6f1c6_80420471_02970500XX1.jpg;https://127-foto.netlify.app/284.jpg;NEUTRINO 0201 0002(264);;;;
18;264;ULLANO        B;264ULLANO        B;271;Calzature;ULLANO        B;49;99;544483||4900000000;https://cdn.jooraccess.com/img/uploads/accounts/598756/images/LFbr3MrZRrm_GbSwCPZkhA_20851971266a564345dfd0b4_67912225_03050770XX1.jpg;https://127-foto.netlify.app/284.jpg;ULLANO        B 49(264);;;;
20;266;PARERE;266PARERE;271;Abito;PARERE;1183;7;544226||118300000000;https://cdn.jooraccess.com/img/uploads/accounts/598756/images/E0E6y4WZRHS8pFZzWywHTQ_906799756a5634ef76f3d3_40519872_03010130XX1.jpg;https://127-foto.netlify.app/252.jpg;PARERE 1183(266);;;;
20;266;IMAGINE;266IMAGINE;271;Borsa Elegante;IMAGINE;1197 0002;99;544197||119700020000;https://cdn.jooraccess.com/img/uploads/accounts/598756/images/e98c6986-224e-4492-8765-bf38c3622be0-removebg-preview.png;https://127-foto.netlify.app/252.jpg;IMAGINE 1197 0002(266);;;;
20;266;ULLANO        B;266ULLANO        B;271;Calzature;ULLANO        B;49;99;544483||4900000000;https://cdn.jooraccess.com/img/uploads/accounts/598756/images/LFbr3MrZRrm_GbSwCPZkhA_20851971266a564345dfd0b4_67912225_03050770XX1.jpg;https://127-foto.netlify.app/252.jpg;ULLANO        B 49(266);;;;
20;267;PARERE;267PARERE;271;Abito;PARERE;323;7;544226||32300000000;https://cdn.jooraccess.com/img/uploads/accounts/598756/images/mbN1ZT5oR0O7xkcgo_Uoxw_19595050696a5634ee7cc194_29764734_03010110XX1.jpg;https://127-foto.netlify.app/252.jpg;PARERE 323(267);;;;
20;267;ULLANO        B;267ULLANO        B;271;Calzature;ULLANO        B;49;99;544483||4900000000;https://cdn.jooraccess.com/img/uploads/accounts/598756/images/LFbr3MrZRrm_GbSwCPZkhA_20851971266a564345dfd0b4_67912225_03050770XX1.jpg;https://127-foto.netlify.app/252.jpg;ULLANO        B 49(267);;;;
20;268;PARERE;268PARERE;271;Abito;PARERE;578;7;544226||57800000000;https://cdn.jooraccess.com/img/uploads/accounts/598756/images/3KwAtRnkSaW4-2Vd5vzzaQ_2323787826a5634eef16d51_21109127_03010120XX1.jpg;https://127-foto.netlify.app/253.jpg;PARERE 578(268);;;;
20;268;NOSTRANO;268NOSTRANO;271;Orecchino;NOSTRANO;0001 0002;99;544375||100020000;https://cdn.jooraccess.com/img/uploads/accounts/598756/images/osaAGM4_R6G4lzy-7AT-bA_18378364236a14533c334362_66403480_02971410XX1.jpg;https://127-foto.netlify.app/253.jpg;NOSTRANO 0001 0002(268);;;;
20;268;ULLANO        B;268ULLANO        B;271;Calzature;ULLANO        B;49;99;544483||4900000000;https://cdn.jooraccess.com/img/uploads/accounts/598756/images/LFbr3MrZRrm_GbSwCPZkhA_20851971266a564345dfd0b4_67912225_03050770XX1.jpg;https://127-foto.netlify.app/253.jpg;ULLANO        B 49(268);;;;
18;269;VISIONARIA;269VISIONARIA;271;Giacca;VISIONARIA;380;1;544235||38000000000;https://cdn.jooraccess.com/img/uploads/accounts/598756/images/Ja7o5pJiR1e50G4GkpCUqQ_20134563246a1451b8818086_30081983_02950460XX1.jpg;https://127-foto.netlify.app/257.jpg;VISIONARIA 380(269);;;;
18;269;PACIUS;269PACIUS;271;Abito;PACIUS;0380 0380;7;544294||38003800000;https://cdn.jooraccess.com/img/uploads/accounts/598756/images/_jBSAwKJR_KT-Tb2EMeokw_8901802736a5634ea223001_48553066_03010020XX1.jpg;https://127-foto.netlify.app/257.jpg;PACIUS 0380 0380(269);;;;
18;269;IMAGINE;269IMAGINE;271;Borsa Elegante;IMAGINE;0308 0002;99;544197||30800020000;https://cdn.jooraccess.com/img/uploads/accounts/598756/images/WhatsApp_Image_2026-05-26_at_17.11.48-removebg-preview.png;https://127-foto.netlify.app/257.jpg;IMAGINE 0308 0002(269);;;;
18;269;NOSTRANO;269NOSTRANO;271;Orecchino;NOSTRANO;0001 0002;99;544375||100020000;https://cdn.jooraccess.com/img/uploads/accounts/598756/images/osaAGM4_R6G4lzy-7AT-bA_18378364236a14533c334362_66403480_02971410XX1.jpg;https://127-foto.netlify.app/257.jpg;NOSTRANO 0001 0002(269);;;;
18;269;ULLANO        B;269ULLANO        B;271;Calzature;ULLANO        B;49;99;544483||4900000000;https://cdn.jooraccess.com/img/uploads/accounts/598756/images/LFbr3MrZRrm_GbSwCPZkhA_20851971266a564345dfd0b4_67912225_03050770XX1.jpg;https://127-foto.netlify.app/257.jpg;ULLANO        B 49(269);;;;
18;269;NORRENI       A;269NORRENI       A;271;Bracciale;NORRENI       A;0001 0002;99;544521||100020000;https://cdn.jooraccess.com/img/uploads/accounts/598756/images/1PlISX0OTxOSrsoFuDS2MQ_3563719746a56433f014874_84367126_03050560XX1.jpg;https://127-foto.netlify.app/257.jpg;NORRENI       A 0001 0002(269);;;;
;270;PACIUS;270PACIUS;271;Abito;PACIUS;0380 0380;7;544294||38003800000;https://cdn.jooraccess.com/img/uploads/accounts/598756/images/_jBSAwKJR_KT-Tb2EMeokw_8901802736a5634ea223001_48553066_03010020XX1.jpg;https://127-foto.netlify.app/256.jpg;PACIUS 0380 0380(270);;;;
;270;IMAGINE;270IMAGINE;271;Borsa Elegante;IMAGINE;0308 0002;99;544197||30800020000;https://cdn.jooraccess.com/img/uploads/accounts/598756/images/WhatsApp_Image_2026-05-26_at_17.11.48-removebg-preview.png;https://127-foto.netlify.app/256.jpg;IMAGINE 0308 0002(270);;;;
;270;NOSTRANO;270NOSTRANO;271;Orecchino;NOSTRANO;0001 0002;99;544375||100020000;https://cdn.jooraccess.com/img/uploads/accounts/598756/images/osaAGM4_R6G4lzy-7AT-bA_18378364236a14533c334362_66403480_02971410XX1.jpg;https://127-foto.netlify.app/256.jpg;NOSTRANO 0001 0002(270);;;;
;270;ULLANO        B;270ULLANO        B;271;Calzature;ULLANO        B;49;99;544483||4900000000;https://cdn.jooraccess.com/img/uploads/accounts/598756/images/LFbr3MrZRrm_GbSwCPZkhA_20851971266a564345dfd0b4_67912225_03050770XX1.jpg;https://127-foto.netlify.app/256.jpg;ULLANO        B 49(270);;;;
;270;NORRENI       A;270NORRENI       A;271;Bracciale;NORRENI       A;0001 0002;99;544521||100020000;https://cdn.jooraccess.com/img/uploads/accounts/598756/images/1PlISX0OTxOSrsoFuDS2MQ_3563719746a56433f014874_84367126_03050560XX1.jpg;https://127-foto.netlify.app/256.jpg;NORRENI       A 0001 0002(270);;;;
19;271;PACIUS;271PACIUS;271;Abito;PACIUS;0101 0101;7;544294||10101010000;https://cdn.jooraccess.com/img/uploads/accounts/598756/images/9NHfc74LRcW8HwYppvQiTg_11492979326a145257f00c85_62094630_02930040XX1.jpg;https://127-foto.netlify.app/269.jpg;PACIUS 0101 0101(271);;;;
19;271;ILLUSIVO;271ILLUSIVO;271;Borsa Elegante;ILLUSIVO;0101 0002;99;544198||10100020000;https://cdn.jooraccess.com/img/uploads/accounts/598756/images/8Ym96RLgRECBZ97ahhC1Qw_19829283306a56433179a199_96083636_03050250XX1.jpg;https://127-foto.netlify.app/269.jpg;ILLUSIVO 0101 0002(271);;;;
19;271;NORMALE;271NORMALE;271;Orecchino;NORMALE;0001 0002;99;544389||100020000;https://cdn.jooraccess.com/img/uploads/accounts/598756/images/SWQJKiLaRT-MjLCakEdMKQ_19069769546a14533cc097f4_53200427_02971420XX1.jpg;https://127-foto.netlify.app/269.jpg;NORMALE 0001 0002(271);;;;
19;271;ULLANO        B;271ULLANO        B;271;Calzature;ULLANO        B;5;99;544483||500000000;https://cdn.jooraccess.com/img/uploads/accounts/598756/images/ewCZ7A8BQT2PeuDqsZJucQ_15550895836a564345785255_55851667_03050760XX1.jpg;https://127-foto.netlify.app/269.jpg;ULLANO        B 5(271);;;;
19;271;NORRENI       A;271NORRENI       A;271;Bracciale;NORRENI       A;0001 0002;99;544521||100020000;https://cdn.jooraccess.com/img/uploads/accounts/598756/images/1PlISX0OTxOSrsoFuDS2MQ_3563719746a56433f014874_84367126_03050560XX1.jpg;https://127-foto.netlify.app/269.jpg;NORRENI       A 0001 0002(271);;;;
18;272;PORTES;272PORTES;271;Abito;PORTES;2123 2123;7;544347||212321230000;#N/D;https://127-foto.netlify.app/263.jpg;PORTES 2123 2123(272);;;;
18;272;IMAGINE;272IMAGINE;271;Borsa Elegante;IMAGINE;2612 0002;99;544197||261200020000;#N/D;https://127-foto.netlify.app/263.jpg;IMAGINE 2612 0002(272);;;;
18;272;NOSTRANO;272NOSTRANO;271;Orecchino;NOSTRANO;0001 0002;99;544375||100020000;https://cdn.jooraccess.com/img/uploads/accounts/598756/images/osaAGM4_R6G4lzy-7AT-bA_18378364236a14533c334362_66403480_02971410XX1.jpg;https://127-foto.netlify.app/263.jpg;NOSTRANO 0001 0002(272);;;;
18;272;ULLANO        B;272ULLANO        B;271;Calzature;ULLANO        B;5;99;544483||500000000;https://cdn.jooraccess.com/img/uploads/accounts/598756/images/ewCZ7A8BQT2PeuDqsZJucQ_15550895836a564345785255_55851667_03050760XX1.jpg;https://127-foto.netlify.app/263.jpg;ULLANO        B 5(272);;;;
19;273;PORTES;273PORTES;271;Abito;PORTES;1223 1223;7;544347||122312230000;https://cdn.jooraccess.com/img/uploads/accounts/598756/images/PORTES_122300000000.jpg;https://127-foto.netlify.app/264.jpg;PORTES 1223 1223(273);;;;
19;273;IMAGINE;273IMAGINE;271;Borsa Elegante;IMAGINE;1227 0002;99;544197||122700020000;https://cdn.jooraccess.com/img/uploads/accounts/598756/images/73304525-d371-4c12-abb8-42e152cba2c3-removebg-preview.png;https://127-foto.netlify.app/264.jpg;IMAGINE 1227 0002(273);;;;
19;273;NORMALE;273NORMALE;271;Orecchino;NORMALE;0001 0002;99;544389||100020000;https://cdn.jooraccess.com/img/uploads/accounts/598756/images/SWQJKiLaRT-MjLCakEdMKQ_19069769546a14533cc097f4_53200427_02971420XX1.jpg;https://127-foto.netlify.app/264.jpg;NORMALE 0001 0002(273);;;;
19;273;ULLANO        B;273ULLANO        B;271;Calzature;ULLANO        B;5;99;544483||500000000;https://cdn.jooraccess.com/img/uploads/accounts/598756/images/ewCZ7A8BQT2PeuDqsZJucQ_15550895836a564345785255_55851667_03050760XX1.jpg;https://127-foto.netlify.app/264.jpg;ULLANO        B 5(273);;;;
19;274;PRAGMATICA;274PRAGMATICA;271;Abito;PRAGMATICA;1215;7;544087||121500000000;https://cdn.jooraccess.com/img/uploads/accounts/598756/images/Cl5jjyZxTtKe4hBPKLlAeA_9135642946a5634f72d3db6_10183387_03010280XX1.jpg;https://127-foto.netlify.app/265.jpg;PRAGMATICA 1215(274);;;;
19;274;NORMALE;274NORMALE;271;Orecchino;NORMALE;0001 0002;99;544389||100020000;https://cdn.jooraccess.com/img/uploads/accounts/598756/images/SWQJKiLaRT-MjLCakEdMKQ_19069769546a14533cc097f4_53200427_02971420XX1.jpg;https://127-foto.netlify.app/265.jpg;NORMALE 0001 0002(274);;;;
19;274;ULLANO        B;274ULLANO        B;271;Calzature;ULLANO        B;5;99;544483||500000000;https://cdn.jooraccess.com/img/uploads/accounts/598756/images/ewCZ7A8BQT2PeuDqsZJucQ_15550895836a564345785255_55851667_03050760XX1.jpg;https://127-foto.netlify.app/265.jpg;ULLANO        B 5(274);;;;
20;275;PRAGMATICA;275PRAGMATICA;271;Abito;PRAGMATICA;1185;7;544087||118500000000;https://cdn.jooraccess.com/img/uploads/accounts/598756/images/sw4Yb4mzR9u77aRYQswyaw_19985586126a5634f6b0f7d4_07582450_03010270XX1.jpg;https://127-foto.netlify.app/258.jpg;PRAGMATICA 1185(275);;;;
20;275;NOSTRANO;275NOSTRANO;271;Orecchino;NOSTRANO;0001 0002;99;544375||100020000;https://cdn.jooraccess.com/img/uploads/accounts/598756/images/osaAGM4_R6G4lzy-7AT-bA_18378364236a14533c334362_66403480_02971410XX1.jpg;https://127-foto.netlify.app/258.jpg;NOSTRANO 0001 0002(275);;;;
20;275;IGLESIAS      C;275IGLESIAS      C;271;Borsa Elegante;IGLESIAS      C;0001 0001;99;544482||100010000;https://cdn.jooraccess.com/img/uploads/accounts/598756/images/IGLESIASC_100020000.jpg;https://127-foto.netlify.app/258.jpg;IGLESIAS      C 0001 0001(275);;;;
20;275;ULLANO        B;275ULLANO        B;271;Calzature;ULLANO        B;5;99;544483||500000000;https://cdn.jooraccess.com/img/uploads/accounts/598756/images/ewCZ7A8BQT2PeuDqsZJucQ_15550895836a564345785255_55851667_03050760XX1.jpg;https://127-foto.netlify.app/258.jpg;ULLANO        B 5(275);;;;
20;276;PIONA;276PIONA;271;Abito;PIONA;512;7;544545||51200000000;https://cdn.jooraccess.com/img/uploads/accounts/598756/images/0822pfFVSTOGNCzLA12CjQ_6479248516a5634f2299617_27904116_03010180XX1.jpg;https://127-foto.netlify.app/261.jpg;PIONA 512(276);;;;
20;276;NORMALE;276NORMALE;271;Orecchino;NORMALE;0001 0002;99;544389||100020000;https://cdn.jooraccess.com/img/uploads/accounts/598756/images/SWQJKiLaRT-MjLCakEdMKQ_19069769546a14533cc097f4_53200427_02971420XX1.jpg;https://127-foto.netlify.app/261.jpg;NORMALE 0001 0002(276);;;;
20;276;ULLANO        B;276ULLANO        B;271;Calzature;ULLANO        B;49;99;544483||4900000000;https://cdn.jooraccess.com/img/uploads/accounts/598756/images/LFbr3MrZRrm_GbSwCPZkhA_20851971266a564345dfd0b4_67912225_03050770XX1.jpg;https://127-foto.netlify.app/261.jpg;ULLANO        B 49(276);;;;
20;276;NORRENI       A;276NORRENI       A;271;Bracciale;NORRENI       A;0001 0002;99;544521||100020000;https://cdn.jooraccess.com/img/uploads/accounts/598756/images/1PlISX0OTxOSrsoFuDS2MQ_3563719746a56433f014874_84367126_03050560XX1.jpg;https://127-foto.netlify.app/261.jpg;NORRENI       A 0001 0002(276);;;;
21;277;PIONA;277PIONA;271;Abito;PIONA;615;7;544545||61500000000;https://cdn.jooraccess.com/img/uploads/accounts/598756/images/t3I60qBVQuGbr0uwtKhABA_16864219116a5634f2975a28_43090070_03010190XX1.jpg;https://127-foto.netlify.app/295.jpg;PIONA 615(277);;;;
21;277;NESLIA;277NESLIA;271;Orecchino;NESLIA;0001 0002;99;544374||100020000;#N/D;https://127-foto.netlify.app/295.jpg;NESLIA 0001 0002(277);;;;
21;277;NUMIDICA;277NUMIDICA;271;Collana;NUMIDICA;0001 0002;99;544385||100020000;https://cdn.jooraccess.com/img/uploads/accounts/598756/images/stqXkg5cTHeOmbhVltZJyQ_5933230536a1450d3ad36a9_87570025_02970900XX1.jpg;https://127-foto.netlify.app/295.jpg;NUMIDICA 0001 0002(277);;;;
21;277;IGLESIAS      C;277IGLESIAS      C;271;Borsa Elegante;IGLESIAS      C;0001 0001;99;544482||100010000;https://cdn.jooraccess.com/img/uploads/accounts/598756/images/IGLESIASC_100020000.jpg;https://127-foto.netlify.app/295.jpg;IGLESIAS      C 0001 0001(277);;;;
21;277;ULLANO        B;277ULLANO        B;271;Calzature;ULLANO        B;5;99;544483||500000000;https://cdn.jooraccess.com/img/uploads/accounts/598756/images/ewCZ7A8BQT2PeuDqsZJucQ_15550895836a564345785255_55851667_03050760XX1.jpg;https://127-foto.netlify.app/295.jpg;ULLANO        B 5(277);;;;
21;277;NORRENI       A;277NORRENI       A;271;Bracciale;NORRENI       A;0001 0002;99;544521||100020000;https://cdn.jooraccess.com/img/uploads/accounts/598756/images/1PlISX0OTxOSrsoFuDS2MQ_3563719746a56433f014874_84367126_03050560XX1.jpg;https://127-foto.netlify.app/295.jpg;NORRENI       A 0001 0002(277);;;;
19;278;VIGONE;278VIGONE;271;Giacca;VIGONE;2524;1;544542||252400000000;https://cdn.jooraccess.com/img/uploads/accounts/598756/images/vcpDHT_rRnqK3-umxm7Mqw_3535464316a56351f47e0d1_30374937_03030130XX1.jpg;https://127-foto.netlify.app/262.jpg;VIGONE 2524(278);;;;
19;278;PIACENTE;278PIACENTE;271;Abito;PIACENTE;2524;7;544423||252400000000;https://cdn.jooraccess.com/img/uploads/accounts/598756/images/_NVlT5LCREGJlSu5AYlWug_16406898316a5634f1af47c8_91630594_03010170XX1.jpg;https://127-foto.netlify.app/262.jpg;PIACENTE 2524(278);;;;
19;278;NOSTRANO;278NOSTRANO;271;Orecchino;NOSTRANO;0001 0002;99;544375||100020000;https://cdn.jooraccess.com/img/uploads/accounts/598756/images/osaAGM4_R6G4lzy-7AT-bA_18378364236a14533c334362_66403480_02971410XX1.jpg;https://127-foto.netlify.app/262.jpg;NOSTRANO 0001 0002(278);;;;
19;278;IGLESIAS      C;278IGLESIAS      C;271;Borsa Elegante;IGLESIAS      C;0001 0002;99;544482||100020000;https://cdn.jooraccess.com/img/uploads/accounts/598756/images/wXTOZtvnSL6UH9cdKRL5xA_6448802356a56433107eee9_94519357_03050240XX1.jpg;https://127-foto.netlify.app/262.jpg;IGLESIAS      C 0001 0002(278);;;;
19;278;ULLANO        B;278ULLANO        B;271;Calzature;ULLANO        B;5;99;544483||500000000;https://cdn.jooraccess.com/img/uploads/accounts/598756/images/ewCZ7A8BQT2PeuDqsZJucQ_15550895836a564345785255_55851667_03050760XX1.jpg;https://127-foto.netlify.app/262.jpg;ULLANO        B 5(278);;;;
19;278;NORRENI       A;278NORRENI       A;271;Bracciale;NORRENI       A;0001 0002;99;544521||100020000;https://cdn.jooraccess.com/img/uploads/accounts/598756/images/1PlISX0OTxOSrsoFuDS2MQ_3563719746a56433f014874_84367126_03050560XX1.jpg;https://127-foto.netlify.app/262.jpg;NORRENI       A 0001 0002(278);;;;
18;279;VIGONE;279VIGONE;271;Giacca;VIGONE;351;1;544542||35100000000;https://cdn.jooraccess.com/img/uploads/accounts/598756/images/PwnydovdTISmz7pqnkCjvg_19660973876a56351ec10d12_25393062_03030120XX1.jpg;https://127-foto.netlify.app/255.jpg;VIGONE 351(279);;;;
18;279;PIACENTE;279PIACENTE;271;Abito;PIACENTE;351;7;544423||35100000000;https://cdn.jooraccess.com/img/uploads/accounts/598756/images/y-9IIax2Qhm6oNaRYkSUIw_15461293026a5634f12951f5_20231573_03010160XX1.jpg;https://127-foto.netlify.app/255.jpg;PIACENTE 351(279);;;;
18;279;IMAGINE;279IMAGINE;271;Borsa Elegante;IMAGINE;0308 0002;99;544197||30800020000;https://cdn.jooraccess.com/img/uploads/accounts/598756/images/WhatsApp_Image_2026-05-26_at_17.11.48-removebg-preview.png;https://127-foto.netlify.app/255.jpg;IMAGINE 0308 0002(279);;;;
18;279;ULLANO        B;279ULLANO        B;271;Calzature;ULLANO        B;49;99;544483||4900000000;https://cdn.jooraccess.com/img/uploads/accounts/598756/images/LFbr3MrZRrm_GbSwCPZkhA_20851971266a564345dfd0b4_67912225_03050770XX1.jpg;https://127-foto.netlify.app/255.jpg;ULLANO        B 49(279);;;;
21;280;BASARE;280BASARE;271;Camicia;BASARE;1281;2;544308||128100000000;https://cdn.jooraccess.com/img/uploads/accounts/598756/images/WtmIw2A4R8mM2rJyxkWLNQ_15978111846a5634def2c4e2_41625120_03000170XX1.jpg;https://127-foto.netlify.app/266.jpg;BASARE 1281(280);;;;
21;280;ALBAVILLA;280ALBAVILLA;271;Pantalone;ALBAVILLA;1281;5;544299||128100000000;https://cdn.jooraccess.com/img/uploads/accounts/598756/images/ubkfRvSESf-sUoZdhbUdww_9636745816a145231d5cbd3_44907422_02900160XX1.jpg;https://127-foto.netlify.app/266.jpg;ALBAVILLA 1281(280);;;;
21;280;IMAGINE;280IMAGINE;271;Borsa Elegante;IMAGINE;1227 0002;99;544197||122700020000;https://cdn.jooraccess.com/img/uploads/accounts/598756/images/73304525-d371-4c12-abb8-42e152cba2c3-removebg-preview.png;https://127-foto.netlify.app/266.jpg;IMAGINE 1227 0002(280);;;;
21;280;NESLIA;280NESLIA;271;Orecchino;NESLIA;0001 0002;99;544374||100020000;#N/D;https://127-foto.netlify.app/266.jpg;NESLIA 0001 0002(280);;;;
21;280;ULLANO        B;280ULLANO        B;271;Calzature;ULLANO        B;5;99;544483||500000000;https://cdn.jooraccess.com/img/uploads/accounts/598756/images/ewCZ7A8BQT2PeuDqsZJucQ_15550895836a564345785255_55851667_03050760XX1.jpg;https://127-foto.netlify.app/266.jpg;ULLANO        B 5(280);;;;
21;281;BASARE;281BASARE;271;Camicia;BASARE;202;2;544308||20200000000;https://cdn.jooraccess.com/img/uploads/accounts/598756/images/dU-yhud1TE6UEngqFNs8TA_16022656596a5634de7e4801_43574907_03000160XX1.jpg;https://127-foto.netlify.app/288.jpg;BASARE 202(281);;;;
21;281;NUMIDICA;281NUMIDICA;271;Collana;NUMIDICA;0001 0002;99;544385||100020000;https://cdn.jooraccess.com/img/uploads/accounts/598756/images/stqXkg5cTHeOmbhVltZJyQ_5933230536a1450d3ad36a9_87570025_02970900XX1.jpg;https://127-foto.netlify.app/288.jpg;NUMIDICA 0001 0002(281);;;;
21;281;IGLESIAS      C;281IGLESIAS      C;271;Borsa Elegante;IGLESIAS      C;0001 0002;99;544482||100020000;https://cdn.jooraccess.com/img/uploads/accounts/598756/images/wXTOZtvnSL6UH9cdKRL5xA_6448802356a56433107eee9_94519357_03050240XX1.jpg;https://127-foto.netlify.app/288.jpg;IGLESIAS      C 0001 0002(281);;;;
21;281;ULLANO        B;281ULLANO        B;271;Calzature;ULLANO        B;49;99;544483||4900000000;https://cdn.jooraccess.com/img/uploads/accounts/598756/images/LFbr3MrZRrm_GbSwCPZkhA_20851971266a564345dfd0b4_67912225_03050770XX1.jpg;https://127-foto.netlify.app/288.jpg;ULLANO        B 49(281);;;;
20;282;PRINCESS;282PRINCESS;271;Abito;PRINCESS;1185;7;544210||118500000000;https://cdn.jooraccess.com/img/uploads/accounts/598756/images/-6leYZJVRLakf9qsot8eVg_20664026206a5634fa1862e7_84211020_03010340XX1.jpg;https://127-foto.netlify.app/259.jpg;PRINCESS 1185(282);;;;
20;282;IMAGINE;282IMAGINE;271;Borsa Elegante;IMAGINE;1178 0002;99;544197||117800020000;https://cdn.jooraccess.com/img/uploads/accounts/598756/images/WhatsApp_Image_2026-05-26_at_17.10.18-removebg-preview.png;https://127-foto.netlify.app/259.jpg;IMAGINE 1178 0002(282);;;;
20;282;NUMIDICA;282NUMIDICA;271;Collana;NUMIDICA;0001 0002;99;544385||100020000;https://cdn.jooraccess.com/img/uploads/accounts/598756/images/stqXkg5cTHeOmbhVltZJyQ_5933230536a1450d3ad36a9_87570025_02970900XX1.jpg;https://127-foto.netlify.app/259.jpg;NUMIDICA 0001 0002(282);;;;
20;282;ULLANO        B;282ULLANO        B;271;Calzature;ULLANO        B;5;99;544483||500000000;https://cdn.jooraccess.com/img/uploads/accounts/598756/images/ewCZ7A8BQT2PeuDqsZJucQ_15550895836a564345785255_55851667_03050760XX1.jpg;https://127-foto.netlify.app/259.jpg;ULLANO        B 5(282);;;;
20;283;PRINCESS;283PRINCESS;271;Abito;PRINCESS;512;7;544210||51200000000;https://cdn.jooraccess.com/img/uploads/accounts/598756/images/nS_1Is-RSgeF6caiO1nMgw_15791481016a5634f9839757_07296059_03010330XX1.jpg;https://127-foto.netlify.app/260.jpg;PRINCESS 512(283);;;;
20;283;ILLUSIVO;283ILLUSIVO;271;Borsa Elegante;ILLUSIVO;0512 0002;99;544198||51200020000;https://cdn.jooraccess.com/img/uploads/accounts/598756/images/1bRiZTbUTwOfj4ZrK8xGPg_2875279396a564331e1af46_09789559_03050260XX1.jpg;https://127-foto.netlify.app/260.jpg;ILLUSIVO 0512 0002(283);;;;
20;283;NOSTRANO;283NOSTRANO;271;Orecchino;NOSTRANO;0001 0002;99;544375||100020000;https://cdn.jooraccess.com/img/uploads/accounts/598756/images/osaAGM4_R6G4lzy-7AT-bA_18378364236a14533c334362_66403480_02971410XX1.jpg;https://127-foto.netlify.app/260.jpg;NOSTRANO 0001 0002(283);;;;
20;283;NOGATA;283NOGATA;271;Collana;NOGATA;0001 0002;99;544386||100020000;#N/D;https://127-foto.netlify.app/260.jpg;NOGATA 0001 0002(283);;;;
20;283;ULLANO        B;283ULLANO        B;271;Calzature;ULLANO        B;49;99;544483||4900000000;https://cdn.jooraccess.com/img/uploads/accounts/598756/images/LFbr3MrZRrm_GbSwCPZkhA_20851971266a564345dfd0b4_67912225_03050770XX1.jpg;https://127-foto.netlify.app/260.jpg;ULLANO        B 49(283);;;;
18;284;VANELLI;284VANELLI;271;Giacca;VANELLI;210;1;544475||21000000000;https://cdn.jooraccess.com/img/uploads/accounts/598756/images/4l2g40sTQDKLMB_ae0zHAA_19555341276a1451c0081257_37497398_02950630XX1.jpg;https://127-foto.netlify.app/275.jpg;VANELLI 210(284);;;;
18;284;BAMBY;284BAMBY;271;Top;BAMBY;4762;3;544515||476200000000;https://cdn.jooraccess.com/img/uploads/accounts/598756/images/2pVy_pxOSWuVYbsMif2AKw_13381653516a5634dbee2100_72481038_03000110XX1.jpg;https://127-foto.netlify.app/275.jpg;BAMBY 4762(284);;;;
18;284;ARCHIMEDE     A;284ARCHIMEDE     A;271;Pantalone;ARCHIMEDE     A;210;5;544296||21000000000;https://cdn.jooraccess.com/img/uploads/accounts/598756/images/f4U-XuD_SFO3PEnpMUciHA_5691672936a14523ed0d5c2_54398355_02900600XX1.jpg;https://127-foto.netlify.app/275.jpg;ARCHIMEDE     A 210(284);;;;
18;284;NEREIDI;284NEREIDI;271;Spilla;NEREIDI;7;99;544281||700000000;https://cdn.jooraccess.com/img/uploads/accounts/598756/images/dlJivDvVSmSf-QL7hpmiyg_10000561226a14532b693657_27294356_02970450XX1.jpg;https://127-foto.netlify.app/275.jpg;NEREIDI 7(284);;;;
18;284;NEMBO;284NEMBO;271;Bracciale;NEMBO;2;99;544362||200000000;https://cdn.jooraccess.com/img/uploads/accounts/598756/images/xLITR-bmTpifPcpfySI7HA_11425679496a14532a752617_68673182_02970400XX1.jpg;https://127-foto.netlify.app/275.jpg;NEMBO 2(284);;;;
18;284;ULLANO        B;284ULLANO        B;271;Calzature;ULLANO        B;49;99;544483||4900000000;https://cdn.jooraccess.com/img/uploads/accounts/598756/images/LFbr3MrZRrm_GbSwCPZkhA_20851971266a564345dfd0b4_67912225_03050770XX1.jpg;https://127-foto.netlify.app/275.jpg;ULLANO        B 49(284);;;;
13;239;VORACITA;239VORACITA;271;Giacca;VORACITA;201;1;544057||20100000000;https://cdn.jooraccess.com/img/uploads/accounts/598756/images/rC-O5g2-SXqHDKpIdtVxsg_8748464376a5635217c1cf3_30078700_03030170XX1.jpg;https://127-foto.netlify.app/234.jpg;VORACITA 201(239);;;;
13;239;ANIDRO;239ANIDRO;271;Pantalone;ANIDRO;201;5;544585||20100000000;https://cdn.jooraccess.com/img/uploads/accounts/598756/images/3Xsx-RK0QJy-qGP1Q3gRVA_19700470796a5634cd8fc8b5_42727777_02990130XX1.jpg;https://127-foto.netlify.app/234.jpg;ANIDRO 201(239);;;;
13;239;NOMAGLIO      C;239NOMAGLIO      C;271;Bracciale;NOMAGLIO      C;0987 0212 0002;99;544242||98702120002;https://cdn.jooraccess.com/img/uploads/accounts/598756/images/o4el4WDST_GAnO-UD8TmTw_4020636746a145338e3be47_39681256_02971340XX1.jpg;https://127-foto.netlify.app/234.jpg;NOMAGLIO      C 0987 0212 0002(239);;;;
13;239;NEVIGLIE;239NEVIGLIE;271;Orecchino;NEVIGLIE;0212 0987 0002;99;544457||21209870002;https://cdn.jooraccess.com/img/uploads/accounts/598756/images/pBWomEtORpmttUyUZ8p8EQ_3710773156a1453417183e8_17218047_02971620XX1.jpg;https://127-foto.netlify.app/234.jpg;NEVIGLIE 0212 0987 0002(239);;;;
13;239;ULLANO        B;239ULLANO        B;271;Calzature;ULLANO        B;49;99;544483||4900000000;https://cdn.jooraccess.com/img/uploads/accounts/598756/images/LFbr3MrZRrm_GbSwCPZkhA_20851971266a564345dfd0b4_67912225_03050770XX1.jpg;https://127-foto.netlify.app/234.jpg;ULLANO        B 49(239);;;;
21;227;PAGGETTO;227PAGGETTO;271;Abito;PAGGETTO;0523 0523;7;544222||52305230000;https://cdn.jooraccess.com/img/uploads/accounts/598756/images/qC39dk5-QZin4l58LvcKNQ_12915810076a5634eb228913_96721742_03010040XX1.jpg;https://127-foto.netlify.app/192.jpg;PAGGETTO 0523 0523(227);;;;
21;227;NEMBO;227NEMBO;271;Bracciale;NEMBO;2;99;544362||200000000;https://cdn.jooraccess.com/img/uploads/accounts/598756/images/xLITR-bmTpifPcpfySI7HA_11425679496a14532a752617_68673182_02970400XX1.jpg;https://127-foto.netlify.app/192.jpg;NEMBO 2(227);;;;
21;227;NEVISCHIO     A;227NEVISCHIO     A;271;Orecchino;NEVISCHIO     A;2;99;544429||200000000;https://cdn.jooraccess.com/img/uploads/accounts/598756/images/DQWAE_vBS7i1YR1OzJeDhw_21086673106a1453421044e4_96117532_02971630XX1.jpg;https://127-foto.netlify.app/192.jpg;NEVISCHIO     A 2(227);;;;
21;227;ULLANO        B;227ULLANO        B;271;Calzature;ULLANO        B;49;99;544483||4900000000;https://cdn.jooraccess.com/img/uploads/accounts/598756/images/LFbr3MrZRrm_GbSwCPZkhA_20851971266a564345dfd0b4_67912225_03050770XX1.jpg;https://127-foto.netlify.app/192.jpg;ULLANO        B 49(227);;;;
21;227;ILLASI        B;227ILLASI        B;271;Borsa;ILLASI        B;0501 0002;99;544637||50100020000;https://cdn.jooraccess.com/img/uploads/accounts/598756/images/ILLASIA_50100020000.jpg;https://127-foto.netlify.app/192.jpg;ILLASI        B 0501 0002(227);;;;
21;227;DISI          D;227DISI          D;271;Cintura;DISI          D;38;99;544638||3800000000;https://cdn.jooraccess.com/img/uploads/accounts/598756/images/o3-PdfLRQbmkDkzA3csmFw_14170812156a5634f47af937_72109742_03010230XX1.jpg;https://127-foto.netlify.app/192.jpg;DISI          D 38(227);;;;
15;300;Plis;Plis;271;Abito;Plis;4748;;544540||474800000000;https://cdn.jooraccess.com/img/uploads/accounts/598756/images/o3-PdfLRQbmkDkzA3csmFw_14170812156a5634f47af937_72109742_03010230XX1.jpg;https://cdn.jooraccess.com/img/uploads/accounts/598756/images/o3-PdfLRQbmkDkzA3csmFw_14170812156a5634f47af937_72109742_03010230XX1.jpg;Plis 4748(300);;;;||
3;301;BABIA;3BABIA;271;Camicia;BABIA;221;;544587||22100000000;https://cdn.jooraccess.com/img/uploads/accounts/598756/images/ibRDCwpNTN2D7RkIqCBK0g_12390591856a5634d7d2e267_32679783_03000010XX1.jpg;https://cdn.jooraccess.com/img/uploads/accounts/598756/images/ibRDCwpNTN2D7RkIqCBK0g_12390591856a5634d7d2e267_32679783_03000010XX1.jpg;Babia 221(301);;;;
5;302;BIRT;5BIRT;271;Camicia;BIRT;202;;544579||20200000000;https://cdn.jooraccess.com/img/uploads/accounts/598756/images/MhhmZkUQQW6px2rc6FdCkQ_19207440826a5634e37eea12_36823225_03000300XX1.jpg;https://cdn.jooraccess.com/img/uploads/accounts/598756/images/MhhmZkUQQW6px2rc6FdCkQ_19207440826a5634e37eea12_36823225_03000300XX1.jpg;Birt 202(302);;;;
;303;ASTURIE;ASTURIE;271;Pantalone;ASTURIE;124;;544627||124000000000;https://cdn.jooraccess.com/img/uploads/accounts/598756/images/M5wHMgp-QzeF8Et4iUUP_Q_15653597046a5634d34cbc97_48363640_02990240XX1.jpg;https://cdn.jooraccess.com/img/uploads/accounts/598756/images/M5wHMgp-QzeF8Et4iUUP_Q_15653597046a5634d34cbc97_48363640_02990240XX1.jpg;Asturie 124(303);;;;
12;304;BELINA;12BELINA;271;Camicia;BELINA;202;;544553||20233860000;https://cdn.jooraccess.com/img/uploads/accounts/598756/images/PnnVlfnoQOCblFSGs7LHSw_5155955936a5634dfdedf85_73527032_03000190XX1.jpg;https://cdn.jooraccess.com/img/uploads/accounts/598756/images/PnnVlfnoQOCblFSGs7LHSw_5155955936a5634dfdedf85_73527032_03000190XX1.jpg;Belina 202(304);;;;
15;147;ZNEEA;15ZNEEA;271;Abito;ZNEEA;3434;;100848||343400000000;https://cdn.jooraccess.com/img/uploads/accounts/598756/images/VnkTZLDsTL6NV1xIEMoPrQ_18354808616a5635427254e5_98875109_03040670XX1.jpg;https://cdn.jooraccess.com/img/uploads/accounts/598756/images/VnkTZLDsTL6NV1xIEMoPrQ_18354808616a5635427254e5_98875109_03040670XX1.jpg;Zenea 3434(147);;;;
;305;ABADIA;ABADIA;271;Pantalone;ABADIA;101;;544632||10100000000;https://cdn.jooraccess.com/img/uploads/accounts/598756/images/EwS0e8sNSTuGFsbnLOoniA_20996011096a5634c7c53320_21672245_02990010XX1.jpg;https://cdn.jooraccess.com/img/uploads/accounts/598756/images/EwS0e8sNSTuGFsbnLOoniA_20996011096a5634c7c53320_21672245_02990010XX1.jpg;Abadia 101(305);;;;
17;306;TTOALITA;17TTOALITA;271;Gonna;TTOALITA;101;;544648||475400000000;https://cdn.jooraccess.com/img/uploads/accounts/598756/images/ChatGPT Image 19 lug 2026_ 08_50_54.png;https://cdn.jooraccess.com/img/uploads/accounts/598756/images/ChatGPT Image 19 lug 2026_ 08_50_54.png;Totalita 101(306);;;;
4;307;TTOALITA;4TTOALITA;271;Gonna;TTOALITA;4754;;544648||10100000000;https://cdn.jooraccess.com/img/uploads/accounts/598756/images/WhatsApp Image 2026-07-17 at 15.56.50 (1).jpeg;https://cdn.jooraccess.com/img/uploads/accounts/598756/images/WhatsApp Image 2026-07-17 at 15.56.50 (1).jpeg;Totalita 4754(307);;;;
;308;ABADIA;ABADIA;271;Pantalone;ABADIA;201;;544632||20100000000;https://cdn.jooraccess.com/img/uploads/accounts/598756/images/tL11qIPxRye0Yghozp7kRw_10566259766a5634c83f7077_73201576_02990020XX1.jpg;https://cdn.jooraccess.com/img/uploads/accounts/598756/images/tL11qIPxRye0Yghozp7kRw_10566259766a5634c83f7077_73201576_02990020XX1.jpg;Abadia 201(308);;;;
10;236;AGIBILE A;10AGIBILE A;271;Pantalone;AGIBILE A;201;;544646||20100000000;https://cdn.jooraccess.com/img/uploads/accounts/598756/images/AGIBILE_20100000000.jpg;https://cdn.jooraccess.com/img/uploads/accounts/598756/images/AGIBILE_20100000000.jpg;Agibile A 201(236);;;;
2;309;Pair;2Pair;271;Abito;PIAR;3545;;544649||354500000000;https://cdn.jooraccess.com/img/uploads/accounts/598756/images/PAIR.jpeg;https://cdn.jooraccess.com/img/uploads/accounts/598756/images/PAIR.jpeg;Pair 3545(309);;;;
21;310;ANIS K;21ANIS K;271;Pantalone;ANIS K;202;;544523||20200000000;https://cdn.jooraccess.com/img/uploads/accounts/598756/images/ANISH_20200000000.jpg;https://cdn.jooraccess.com/img/uploads/accounts/598756/images/ANISH_20200000000.jpg;Anis K 202(310);;;;
13;311;Brisura;13Brisura;271;Camicia;BIRSURA;201;;544554||20100000000;https://cdn.jooraccess.com/img/uploads/accounts/598756/images/85LU89nASQSYM0BFbms46g_6697229926a5634e8b65d48_65641546_03000430XX1.jpg;https://cdn.jooraccess.com/img/uploads/accounts/598756/images/85LU89nASQSYM0BFbms46g_6697229926a5634e8b65d48_65641546_03000430XX1.jpg;Brisura 201(311);;;;
;312;ANGELINA A;ANGELINA A;271;Pantalone;ANGELINA A;201;;544442||20100000000;https://cdn.jooraccess.com/img/uploads/accounts/598756/images/ANGELINA_20100000000 (2).jpg;https://127-foto.netlify.app/13.jpg;Angelina A 201(312);;;;
;313;BRISURA;BRISURA;271;Camicia;BRISURA;101;;544554||10100000000;https://cdn.jooraccess.com/img/uploads/accounts/598756/images/6mbMoT8UROyysDp-_KLzAg_7770635216a5634e8271236_74177213_03000420XX1.jpg;https://cdn.jooraccess.com/img/uploads/accounts/598756/images/6mbMoT8UROyysDp-_KLzAg_7770635216a5634e8271236_74177213_03000420XX1.jpg;Brisura 101(313);;;;
;314;ACCONTO;ACCONTO;271;Pantalone;ACCONTO;3473;;#N/D;https://cdn.jooraccess.com/img/uploads/accounts/598756/images/Bb2TlfJrSiSRY0Z-ZWCo8Q_7968024156a14522df228e9_23535520_02900040XX1.jpg;https://127-foto.netlify.app/13.jpg;Acconto 3473(314);;;;
;315;AGRO A;AGRO A;271;Pantalone;AGRO A;210;;#N/D;https://cdn.jooraccess.com/img/uploads/accounts/598756/images/AGRO_117300000000.jpg;https://cdn.jooraccess.com/img/uploads/accounts/598756/images/AGRO_117300000000.jpg;Agro A 210(315);;;;
;316;CARAMBOLA;CARAMBOLA;271;Pullover;CARAMBOLA;201;;100785||20100000000;https://cdn.jooraccess.com/img/uploads/accounts/598756/images/7rPV6dCPTni1lpIPEuEjEw_10457353056a563527583fb8_91663917_03040100XX1.jpg;https://cdn.jooraccess.com/img/uploads/accounts/598756/images/7rPV6dCPTni1lpIPEuEjEw_10457353056a563527583fb8_91663917_03040100XX1.jpg;Carambola 201(316);;;;
;317;PAPUA;PAPUA;271;Abito;PAPUA;4712;;#N/D;https://cdn.jooraccess.com/img/uploads/accounts/598756/images/nZw3lbuBTo6LjR7UafJQYQ_10454517526a14525a5563e6_95556050_02930110XX1.jpg;https://cdn.jooraccess.com/img/uploads/accounts/598756/images/nZw3lbuBTo6LjR7UafJQYQ_10454517526a14525a5563e6_95556050_02930110XX1.jpg;Papua 4712(317);;;;
;318;VARIANTI;VARIANTI;271;Giacca;VARIANTI;3473;;#N/D;https://cdn.jooraccess.com/img/uploads/accounts/598756/images/Q8H6NEr7Q5OrtL7bJ3MoAw_12451426846a1451ad8dd444_83121421_02950140XX1.jpg;https://cdn.jooraccess.com/img/uploads/accounts/598756/images/Q8H6NEr7Q5OrtL7bJ3MoAw_12451426846a1451ad8dd444_83121421_02950140XX1.jpg;Varianti 3473(318);;;;
